Accession ID,Country,Year
EPI_ISL_10497966,USA,25/1/2022
EPI_ISL_10497963,USA,25/1/2022
EPI_ISL_10497967,USA,25/1/2022
EPI_ISL_10506234,Denmark,21/2/2022
EPI_ISL_10246626,Montenegro,14/1/2022
EPI_ISL_10246625,Montenegro,14/1/2022
EPI_ISL_10485469,Switzerland,15/2/2022
EPI_ISL_10493803,Switzerland,7/2/2022
EPI_ISL_10493804,Switzerland,8/2/2022
EPI_ISL_10506228,Denmark,17/2/2022
EPI_ISL_10497980,USA,25/1/2022
EPI_ISL_10497992,USA,25/1/2022
EPI_ISL_10497988,USA,25/1/2022
EPI_ISL_10497986,USA,25/1/2022
EPI_ISL_10497987,USA,25/1/2022
EPI_ISL_10497979,Puerto Rico,25/1/2022
EPI_ISL_10497984,USA,25/1/2022
EPI_ISL_10497985,Puerto Rico,25/1/2022
EPI_ISL_10497991,USA,25/1/2022
EPI_ISL_10498019,USA,26/1/2022
EPI_ISL_10497978,USA,25/1/2022
EPI_ISL_10498013,USA,26/1/2022
EPI_ISL_10498003,USA,25/1/2022
EPI_ISL_10498004,USA,25/1/2022
EPI_ISL_10497998,USA,25/1/2022
EPI_ISL_10498005,Puerto Rico,25/1/2022
EPI_ISL_10498011,USA,26/1/2022
EPI_ISL_10497993,USA,25/1/2022
EPI_ISL_10498002,USA,25/1/2022
EPI_ISL_10498012,USA,26/1/2022
EPI_ISL_10497997,Puerto Rico,25/1/2022
EPI_ISL_10497994,USA,25/1/2022
EPI_ISL_10498010,USA,26/1/2022
EPI_ISL_10498001,USA,25/1/2022
EPI_ISL_10498009,USA,26/1/2022
EPI_ISL_10498000,USA,25/1/2022
EPI_ISL_10497995,USA,25/1/2022
EPI_ISL_10498006,USA,25/1/2022
EPI_ISL_10497999,USA,25/1/2022
EPI_ISL_10498007,USA,25/1/2022
EPI_ISL_10498008,USA,26/1/2022
EPI_ISL_10497996,USA,25/1/2022
EPI_ISL_10498022,USA,26/1/2022
EPI_ISL_10498020,USA,26/1/2022
EPI_ISL_10497302,Pakistan,16/2/2022
EPI_ISL_10498015,USA,26/1/2022
EPI_ISL_10498014,USA,26/1/2022
EPI_ISL_10498016,USA,26/1/2022
EPI_ISL_10498033,USA,26/1/2022
EPI_ISL_10497304,Pakistan,17/2/2022
EPI_ISL_10498038,USA,26/1/2022
EPI_ISL_10498042,USA,27/1/2022
EPI_ISL_10498041,USA,27/1/2022
EPI_ISL_10496627,New Caledonia,6/2/2022
EPI_ISL_10498037,USA,26/1/2022
EPI_ISL_10498021,USA,26/1/2022
EPI_ISL_10498017,USA,26/1/2022
EPI_ISL_10505133,England,2022-00-00
EPI_ISL_10498039,USA,26/1/2022
EPI_ISL_10498040,USA,26/1/2022
EPI_ISL_10498018,USA,26/1/2022
EPI_ISL_10498036,USA,26/1/2022
EPI_ISL_10498026,USA,26/1/2022
EPI_ISL_10496631,NewCaledonia,27/1/2022
EPI_ISL_10497303,Pakistan,17/2/2022
EPI_ISL_10498035,USA,26/1/2022
EPI_ISL_10498032,USA,26/1/2022
EPI_ISL_10496626,New Caledonia,3/1/2022
EPI_ISL_10498024,USA,26/1/2022
EPI_ISL_10498029,USA,26/1/2022
EPI_ISL_10498031,USA,26/1/2022
EPI_ISL_10498027,USA,26/1/2022
EPI_ISL_10498028,USA,26/1/2022
EPI_ISL_10498025,USA,26/1/2022
EPI_ISL_10498046,USA,27/1/2022
EPI_ISL_10498057,USA,27/1/2022
EPI_ISL_10498023,USA,26/1/2022
EPI_ISL_10498034,USA,26/1/2022
EPI_ISL_10498030,USA,26/1/2022
EPI_ISL_10498047,USA,27/1/2022
EPI_ISL_10498044,USA,27/1/2022
EPI_ISL_10498058,USA,27/1/2022
EPI_ISL_10498055,USA,27/1/2022
EPI_ISL_10498052,USA,27/1/2022
EPI_ISL_10498043,USA,27/1/2022
EPI_ISL_10498054,USA,27/1/2022
EPI_ISL_10498051,USA,27/1/2022
EPI_ISL_10498059,USA,27/1/2022
EPI_ISL_10498048,USA,27/1/2022
EPI_ISL_10498049,USA,27/1/2022
EPI_ISL_10498060,USA,27/1/2022
EPI_ISL_10498066,USA,28/1/2022
EPI_ISL_10498062,USA,27/1/2022
EPI_ISL_10498065,USA,28/1/2022
EPI_ISL_10498050,USA,27/1/2022
EPI_ISL_10498056,USA,27/1/2022
EPI_ISL_10498064,USA,28/1/2022
EPI_ISL_10498069,USA,31/1/2022
EPI_ISL_10498053,USA,27/1/2022
EPI_ISL_10506222,Denmark,20/2/2022
EPI_ISL_10498063,USA,27/1/2022
EPI_ISL_10498071,USA,31/1/2022
EPI_ISL_10498061,USA,27/1/2022
EPI_ISL_10506490,England,13/1/2022
EPI_ISL_10506223,Denmark,20/2/2022
EPI_ISL_10498070,USA,31/1/2022
EPI_ISL_10505323,Poland,11/2/2022
EPI_ISL_10506245,Denmark,18/2/2022
EPI_ISL_10498068,USA,31/1/2022
EPI_ISL_10505139,England,13/2/2022
EPI_ISL_10498067,USA,28/1/2022
EPI_ISL_10506234,Denmark,21/2/2022
EPI_ISL_10246626,Montenegro,14/1/2022
EPI_ISL_10246625,Montenegro,14/1/2022
EPI_ISL_10485469,Switzerland,15/2/2022
EPI_ISL_10493803,Switzerland,7/2/2022
EPI_ISL_10493804,Switzerland,8/2/2022
EPI_ISL_10506228,Denmark,17/2/2022
EPI_ISL_10484936,Switzerland,16/2/2022
EPI_ISL_10483608,Switzerland,11/2/2022
EPI_ISL_10484819,Switzerland,17/2/2022
EPI_ISL_10506240,England,2022-00-00
EPI_ISL_10485227,Switzerland,15/2/2022
EPI_ISL_10483728,Switzerland,16/2/2022
EPI_ISL_10485476,Switzerland,15/2/2022
EPI_ISL_10484811,Switzerland,17/2/2022
EPI_ISL_10484256,Switzerland,17/2/2022
EPI_ISL_10483841,Switzerland,14/2/2022
EPI_ISL_10484136,Switzerland,18/2/2022
EPI_ISL_10505329,Poland,17/2/2022
EPI_ISL_10504500,India,17/1/2022
EPI_ISL_10506242,England,30/1/2022
EPI_ISL_10483674,Switzerland,13/2/2022
EPI_ISL_10483708,Switzerland,16/2/2022
EPI_ISL_10484118,Switzerland,18/2/2022
EPI_ISL_10484918,Switzerland,18/2/2022
EPI_ISL_10483826,Switzerland,14/2/2022
EPI_ISL_10483825,Switzerland,13/2/2022
EPI_ISL_10483821,Switzerland,13/2/2022
EPI_ISL_10483836,Switzerland,14/2/2022
EPI_ISL_10485688,Switzerland,14/2/2022
EPI_ISL_10485454,Switzerland,14/2/2022
EPI_ISL_10485112,Switzerland,14/2/2022
EPI_ISL_10485475,Switzerland,16/2/2022
EPI_ISL_10485352,Switzerland,15/2/2022
EPI_ISL_10485212,Switzerland,16/2/2022
EPI_ISL_10505325,Poland,17/2/2022
EPI_ISL_10505332,Poland,6/2/2022
EPI_ISL_10485474,Switzerland,14/2/2022
EPI_ISL_10485872,Switzerland,13/2/2022
EPI_ISL_10497542,Poland,12/2/2022
EPI_ISL_10485473,Switzerland,14/2/2022
EPI_ISL_10485461,Switzerland,14/2/2022
EPI_ISL_10483292,Switzerland,15/2/2022
EPI_ISL_10484488,Switzerland,17/2/2022
EPI_ISL_10506236,Denmark,20/2/2022
EPI_ISL_10483952,Switzerland,14/2/2022
EPI_ISL_10484007,Switzerland,14/2/2022
EPI_ISL_10485077,Switzerland,14/2/2022
EPI_ISL_10485335,Switzerland,15/2/2022
EPI_ISL_10485459,Switzerland,14/2/2022
EPI_ISL_10506257,Denmark,18/2/2022
EPI_ISL_10506238,England,2022-00-00
EPI_ISL_10484802,Switzerland,17/2/2022
EPI_ISL_10485505,Switzerland,14/2/2022
EPI_ISL_10483556,Switzerland,11/2/2022
EPI_ISL_10485456,Switzerland,14/2/2022
EPI_ISL_10485462,Switzerland,12/2/2022
EPI_ISL_10485458,Switzerland,14/2/2022
EPI_ISL_10483830,Switzerland,14/2/2022
EPI_ISL_10485457,Switzerland,14/2/2022
EPI_ISL_10485582,Switzerland,14/2/2022
EPI_ISL_10485465,Switzerland,9/2/2022
EPI_ISL_10484370,Switzerland,18/2/2022
EPI_ISL_10483423,Switzerland,16/2/2022
EPI_ISL_10484982,Switzerland,16/2/2022
EPI_ISL_10485460,Switzerland,18/2/2022
EPI_ISL_10483689,Switzerland,13/2/2022
EPI_ISL_10483789,Switzerland,17/2/2022
EPI_ISL_10485723,Switzerland,12/2/2022
EPI_ISL_10485721,Switzerland,14/2/2022
EPI_ISL_10485020,Switzerland,14/2/2022
EPI_ISL_10483747,Switzerland,14/2/2022
EPI_ISL_10484290,Switzerland,18/2/2022
EPI_ISL_10505330,Poland,6/2/2022
EPI_ISL_10506248,Denmark,22/2/2022
EPI_ISL_10483867,Switzerland,13/2/2022
EPI_ISL_10506263,Denmark,14/2/2022
EPI_ISL_10485729,Switzerland,14/2/2022
EPI_ISL_10485297,Switzerland,14/2/2022
EPI_ISL_10484506,Switzerland,17/2/2022
EPI_ISL_10483854,Switzerland,14/2/2022
EPI_ISL_10484275,Switzerland,18/2/2022
EPI_ISL_10506250,Denmark,18/2/2022
EPI_ISL_10497482,Poland,9/2/2022
EPI_ISL_10505334,Poland,3/2/2022
EPI_ISL_10506262,Denmark,21/2/2022
EPI_ISL_10497517,Poland,7/2/2022
EPI_ISL_10505954,England,12/2/2022
EPI_ISL_10505333,Poland,7/2/2022
EPI_ISL_10484388,Switzerland,19/2/2022
EPI_ISL_10506265,England,8/2/2022
EPI_ISL_10497512,Poland,13/2/2022
EPI_ISL_10498293,England,14/2/2022
EPI_ISL_10498375,England,13/2/2022
EPI_ISL_10485365,Switzerland,15/2/2022
EPI_ISL_10505503,Poland,5/2/2022
EPI_ISL_10505344,Poland,10/2/2022
EPI_ISL_10505338,Poland,11/2/2022
EPI_ISL_10483439,Switzerland,14/2/2022
EPI_ISL_10506277,England,9/2/2022
EPI_ISL_10485746,Switzerland,5/2/2022
EPI_ISL_10484660,Switzerland,17/2/2022
EPI_ISL_10485730,Switzerland,14/2/2022
EPI_ISL_10484782,Switzerland,15/2/2022
EPI_ISL_10485745,Switzerland,17/2/2022
EPI_ISL_10484898,Switzerland,17/2/2022
EPI_ISL_10484540,Switzerland,14/2/2022
EPI_ISL_10483326,Switzerland,11/2/2022
EPI_ISL_10483203,Switzerland,10/2/2022
EPI_ISL_10497543,Poland,7/2/2022
EPI_ISL_10497539,Poland,9/2/2022
EPI_ISL_10497537,Poland,8/2/2022
EPI_ISL_10497530,Poland,10/2/2022
EPI_ISL_10485198,Switzerland,12/2/2022
EPI_ISL_10485733,Switzerland,14/2/2022
EPI_ISL_10484408,Switzerland,18/2/2022
EPI_ISL_10485737,Switzerland,14/2/2022
EPI_ISL_10485731,Switzerland,14/2/2022
EPI_ISL_10485859,Switzerland,18/2/2022
EPI_ISL_10484764,Switzerland,15/2/2022
EPI_ISL_10484592,Switzerland,17/2/2022
EPI_ISL_10483260,Switzerland,14/2/2022
EPI_ISL_10485736,Switzerland,14/2/2022
EPI_ISL_10484523,Switzerland,17/2/2022
EPI_ISL_10483397,Switzerland,15/2/2022
EPI_ISL_10483819,Switzerland,14/2/2022
EPI_ISL_10485615,Switzerland,14/2/2022
EPI_ISL_10484644,Switzerland,17/2/2022
EPI_ISL_10483787,Switzerland,16/2/2022
EPI_ISL_10484881,Switzerland,17/2/2022
EPI_ISL_10485440,Switzerland,14/2/2022
EPI_ISL_10485740,Switzerland,14/2/2022
EPI_ISL_10485725,Switzerland,14/2/2022
EPI_ISL_10485840,Switzerland,5/2/2022
EPI_ISL_10483536,Switzerland,11/2/2022
EPI_ISL_10485182,Switzerland,15/2/2022
EPI_ISL_10485060,Switzerland,15/2/2022
EPI_ISL_10483308,Switzerland,11/2/2022
EPI_ISL_10483783,Switzerland,14/2/2022
EPI_ISL_10484997,Switzerland,14/2/2022
EPI_ISL_10483276,Switzerland,14/2/2022
EPI_ISL_10484084,Switzerland,12/2/2022
EPI_ISL_10485722,Switzerland,14/2/2022
EPI_ISL_10483811,Switzerland,10/2/2022
EPI_ISL_10485439,Switzerland,18/2/2022
EPI_ISL_10483816,Switzerland,14/2/2022
EPI_ISL_10485715,Switzerland,14/2/2022
EPI_ISL_10485438,Switzerland,18/2/2022
EPI_ISL_10484240,Switzerland,18/2/2022
EPI_ISL_10485437,Switzerland,18/2/2022
EPI_ISL_10485441,Switzerland,18/2/2022
EPI_ISL_10484575,Switzerland,17/2/2022
EPI_ISL_10483934,Switzerland,15/2/2022
EPI_ISL_10485316,Switzerland,15/2/2022
EPI_ISL_10485435,Switzerland,17/2/2022
EPI_ISL_10485434,Switzerland,18/2/2022
EPI_ISL_10484746,Switzerland,15/2/2022
EPI_ISL_10485671,Switzerland,14/2/2022
EPI_ISL_10485537,Switzerland,14/2/2022
EPI_ISL_10483122,Switzerland,11/2/2022
EPI_ISL_10483499,Switzerland,11/2/2022
EPI_ISL_10484352,Switzerland,18/2/2022
EPI_ISL_10483807,Switzerland,14/2/2022
EPI_ISL_10484453,Switzerland,17/2/2022
EPI_ISL_10484226,Switzerland,18/2/2022
EPI_ISL_10506279,England,11/2/2022
EPI_ISL_10506294,England,2022-00-00
EPI_ISL_10485436,Switzerland,18/2/2022
EPI_ISL_10484472,Switzerland,17/2/2022
EPI_ISL_10485426,Switzerland,14/2/2022
EPI_ISL_10485788,Switzerland,15/2/2022
EPI_ISL_10483384,Switzerland,12/2/2022
EPI_ISL_10485547,Switzerland,14/2/2022
EPI_ISL_10483245,Switzerland,16/2/2022
EPI_ISL_10484694,Switzerland,10/2/2022
EPI_ISL_10485560,Switzerland,14/2/2022
EPI_ISL_10483915,Switzerland,15/2/2022
EPI_ISL_10484207,Switzerland,19/2/2022
EPI_ISL_10485529,Switzerland,14/2/2022
EPI_ISL_10483802,Switzerland,14/2/2022
EPI_ISL_10485432,Switzerland,18/2/2022
EPI_ISL_10484100,Switzerland,20/2/2022
EPI_ISL_10485531,Switzerland,16/2/2022
EPI_ISL_10483367,Switzerland,11/2/2022
EPI_ISL_10485768,Switzerland,18/2/2022
EPI_ISL_10485651,Switzerland,13/2/2022
EPI_ISL_10484334,Switzerland,17/2/2022
EPI_ISL_10483484,Switzerland,14/2/2022
EPI_ISL_10483101,Switzerland,16/2/2022
EPI_ISL_10485772,Switzerland,17/2/2022
EPI_ISL_10485416,Switzerland,9/2/2022
EPI_ISL_10484319,Switzerland,17/2/2022
EPI_ISL_10484435,Switzerland,17/2/2022
EPI_ISL_10485771,Switzerland,15/2/2022
EPI_ISL_10485769,Switzerland,18/2/2022
EPI_ISL_10483347,Switzerland,11/2/2022
EPI_ISL_10485766,Switzerland,18/2/2022
EPI_ISL_10485402,Switzerland,15/2/2022
EPI_ISL_10484557,Switzerland,14/2/2022
EPI_ISL_10484796,Switzerland,14/2/2022
EPI_ISL_10485773,Switzerland,15/2/2022
EPI_ISL_10483472,Switzerland,14/2/2022
EPI_ISL_10484677,Switzerland,16/2/2022
EPI_ISL_10483230,Switzerland,16/2/2022
EPI_ISL_10485095,Switzerland,14/2/2022
EPI_ISL_10505339,Poland,12/2/2022
EPI_ISL_10485530,Switzerland,16/2/2022
EPI_ISL_10498074,India,12/8/2021
EPI_ISL_10497536,Poland,8/2/2022
EPI_ISL_10497519,Poland,8/2/2022
EPI_ISL_10485770,Switzerland,15/2/2022
EPI_ISL_10485759,Switzerland,18/2/2022
EPI_ISL_10483218,Switzerland,14/2/2022
EPI_ISL_10483455,Switzerland,14/2/2022
EPI_ISL_10483591,Switzerland,11/2/2022
EPI_ISL_10484422,Switzerland,17/2/2022
EPI_ISL_10483574,Switzerland,11/2/2022
EPI_ISL_10484853,Switzerland,14/2/2022
EPI_ISL_10485519,Switzerland,14/2/2022
EPI_ISL_10505340,Poland,12/2/2022
EPI_ISL_10484307,Switzerland,18/2/2022
EPI_ISL_10497538,Poland,9/2/2022
EPI_ISL_10497521,Poland,9/2/2022
EPI_ISL_10497509,Poland,9/2/2022
EPI_ISL_10485634,Switzerland,14/2/2022
EPI_ISL_10485754,Switzerland,10/2/2022
EPI_ISL_10497527,Poland,9/2/2022
EPI_ISL_10497511,Poland,13/2/2022
EPI_ISL_10497540,Poland,10/2/2022
EPI_ISL_10498076,India,13/8/2021
EPI_ISL_10498073,India,13/8/2021
EPI_ISL_10497541,Poland,12/2/2022
EPI_ISL_10497533,Poland,7/2/2022
EPI_ISL_10497525,Poland,9/2/2022
EPI_ISL_10497518,Poland,8/2/2022
EPI_ISL_10497535,Poland,7/2/2022
EPI_ISL_10497532,Poland,7/2/2022
EPI_ISL_10497989,India,12/8/2021
EPI_ISL_10497534,Poland,7/2/2022
EPI_ISL_10497529,Poland,11/2/2022
EPI_ISL_10497531,Poland,7/2/2022
EPI_ISL_10497524,Poland,9/2/2022
EPI_ISL_10497522,Poland,9/2/2022
EPI_ISL_10497520,Poland,8/2/2022
EPI_ISL_10497526,Poland,9/2/2022
EPI_ISL_10484625,Switzerland,17/2/2022
EPI_ISL_10497490,Poland,10/2/2022
EPI_ISL_10497491,Poland,11/2/2022
EPI_ISL_10497523,Poland,8/2/2022
EPI_ISL_10497510,Poland,11/2/2022
EPI_ISL_10497515,Poland,7/2/2022
EPI_ISL_10497503,Poland,13/2/2022
EPI_ISL_10483410,Switzerland,15/2/2022
EPI_ISL_10483782,Switzerland,14/2/2022
EPI_ISL_10497514,Poland,7/2/2022
EPI_ISL_10485009,Switzerland,14/2/2022
EPI_ISL_10485129,Switzerland,15/2/2022
EPI_ISL_10485490,Switzerland,14/2/2022
EPI_ISL_10497508,Poland,7/2/2022
EPI_ISL_10497507,Poland,7/2/2022
EPI_ISL_10483897,Switzerland,15/2/2022
EPI_ISL_10497498,Poland,12/2/2022
EPI_ISL_10497506,Poland,13/2/2022
EPI_ISL_10528523,Scotland,22/2/2022
EPI_ISL_10528526,Scotland,22/2/2022
EPI_ISL_10528651,Scotland,22/2/2022
EPI_ISL_10528646,England,22/2/2022
EPI_ISL_10528534,Scotland,21/2/2022
EPI_ISL_10528648,England,22/2/2022
EPI_ISL_10528532,Scotland,21/2/2022
EPI_ISL_10528647,Scotland,22/2/2022
EPI_ISL_10528652,England,22/2/2022
EPI_ISL_10528530,Scotland,22/2/2022
EPI_ISL_10528528,Scotland,22/2/2022
EPI_ISL_10528649,England,22/2/2022
EPI_ISL_10528650,Scotland,22/2/2022
EPI_ISL_10528654,Scotland,22/2/2022
EPI_ISL_10528527,Scotland,22/2/2022
EPI_ISL_10528539,Scotland,21/2/2022
EPI_ISL_10528533,Scotland,22/2/2022
EPI_ISL_10528507,Scotland,22/2/2022
EPI_ISL_10528535,Scotland,21/2/2022
EPI_ISL_10528536,Scotland,22/2/2022
EPI_ISL_10528621,England,22/2/2022
EPI_ISL_10528502,Scotland,22/2/2022
EPI_ISL_10528656,England,22/2/2022
EPI_ISL_10528655,Scotland,22/2/2022
EPI_ISL_10528658,Scotland,22/2/2022
EPI_ISL_10528657,England,22/2/2022
EPI_ISL_10528537,Scotland,22/2/2022
EPI_ISL_10528500,Scotland,22/2/2022
EPI_ISL_10528622,England,22/2/2022
EPI_ISL_10528538,Scotland,22/2/2022
EPI_ISL_10528504,Scotland,22/2/2022
EPI_ISL_10528625,Scotland,22/2/2022
EPI_ISL_10528659,England,22/2/2022
EPI_ISL_10528501,Scotland,21/2/2022
EPI_ISL_10528503,Scotland,22/2/2022
EPI_ISL_10528629,Scotland,22/2/2022
EPI_ISL_10528620,England,22/2/2022
EPI_ISL_10528624,Scotland,22/2/2022
EPI_ISL_10528626,Scotland,22/2/2022
EPI_ISL_10528619,Scotland,22/2/2022
EPI_ISL_10528623,England,22/2/2022
EPI_ISL_10528627,Scotland,22/2/2022
EPI_ISL_10528632,England,22/2/2022
EPI_ISL_10528635,Scotland,22/2/2022
EPI_ISL_10528506,Scotland,22/2/2022
EPI_ISL_10528513,Scotland,21/2/2022
EPI_ISL_10528512,Scotland,22/2/2022
EPI_ISL_10528505,Scotland,21/2/2022
EPI_ISL_10528628,Scotland,22/2/2022
EPI_ISL_10528630,England,21/2/2022
EPI_ISL_10528510,Scotland,22/2/2022
EPI_ISL_10528508,Scotland,22/2/2022
EPI_ISL_10528515,Scotland,21/2/2022
EPI_ISL_10528287,Scotland,22/2/2022
EPI_ISL_10528511,Scotland,22/2/2022
EPI_ISL_10528631,England,22/2/2022
EPI_ISL_10528517,Scotland,22/2/2022
EPI_ISL_10528509,Scotland,22/2/2022
EPI_ISL_10528634,England,22/2/2022
EPI_ISL_10528636,Scotland,22/2/2022
EPI_ISL_10528290,Scotland,22/2/2022
EPI_ISL_10528292,Scotland,22/2/2022
EPI_ISL_10528633,England,22/2/2022
EPI_ISL_10528514,Scotland,22/2/2022
EPI_ISL_10528516,Scotland,22/2/2022
EPI_ISL_10528285,Scotland,22/2/2022
EPI_ISL_10528294,Scotland,22/2/2022
EPI_ISL_10528518,Scotland,22/2/2022
EPI_ISL_10528296,Scotland,21/2/2022
EPI_ISL_10528299,Scotland,22/2/2022
EPI_ISL_10528638,England,22/2/2022
EPI_ISL_10528519,Scotland,22/2/2022
EPI_ISL_10528281,Scotland,22/2/2022
EPI_ISL_10528637,England,22/2/2022
EPI_ISL_10528639,Scotland,22/2/2022
EPI_ISL_10528286,Scotland,22/2/2022
EPI_ISL_10528289,Scotland,21/2/2022
EPI_ISL_10528284,Scotland,21/2/2022
EPI_ISL_10528288,Scotland,21/2/2022
EPI_ISL_10528282,Scotland,22/2/2022
EPI_ISL_10528295,Scotland,22/2/2022
EPI_ISL_10528280,Scotland,22/2/2022
EPI_ISL_10528561,Scotland,22/2/2022
EPI_ISL_10528322,Scotland,22/2/2022
EPI_ISL_10528283,Scotland,22/2/2022
EPI_ISL_10528274,England,22/2/2022
EPI_ISL_10528681,England,22/2/2022
EPI_ISL_10528298,Scotland,22/2/2022
EPI_ISL_10528277,Scotland,22/2/2022
EPI_ISL_10528560,Scotland,21/2/2022
EPI_ISL_10528293,Scotland,22/2/2022
EPI_ISL_10528291,Scotland,22/2/2022
EPI_ISL_10528275,England,21/2/2022
EPI_ISL_10528279,Scotland,22/2/2022
EPI_ISL_10528441,Scotland,22/2/2022
EPI_ISL_10528566,Scotland,21/2/2022
EPI_ISL_10528686,England,22/2/2022
EPI_ISL_10528276,Scotland,22/2/2022
EPI_ISL_10528278,Scotland,22/2/2022
EPI_ISL_10528682,England,22/2/2022
EPI_ISL_10528320,Scotland,22/2/2022
EPI_ISL_10528563,Scotland,22/2/2022
EPI_ISL_10528444,Scotland,22/2/2022
EPI_ISL_10528680,England,22/2/2022
EPI_ISL_10528683,Scotland,22/2/2022
EPI_ISL_10528564,Scotland,22/2/2022
EPI_ISL_10528562,Scotland,22/2/2022
EPI_ISL_10528685,England,22/2/2022
EPI_ISL_10528689,England,22/2/2022
EPI_ISL_10528321,Scotland,22/2/2022
EPI_ISL_10528331,Scotland,22/2/2022
EPI_ISL_10528575,Scotland,21/2/2022
EPI_ISL_10528574,Scotland,22/2/2022
EPI_ISL_10528684,Scotland,22/2/2022
EPI_ISL_10528324,Scotland,22/2/2022
EPI_ISL_10528687,Scotland,22/2/2022
EPI_ISL_10528323,Scotland,21/2/2022
EPI_ISL_10528447,Scotland,22/2/2022
EPI_ISL_10528571,Scotland,21/2/2022
EPI_ISL_10528445,Scotland,21/2/2022
EPI_ISL_10528326,Scotland,22/2/2022
EPI_ISL_10528325,Scotland,21/2/2022
EPI_ISL_10528688,England,22/2/2022
EPI_ISL_10528565,Scotland,22/2/2022
EPI_ISL_10528328,Scotland,22/2/2022
EPI_ISL_10528448,Scotland,22/2/2022
EPI_ISL_10528573,Scotland,22/2/2022
EPI_ISL_10528568,Scotland,22/2/2022
EPI_ISL_10528449,Scotland,22/2/2022
EPI_ISL_10528569,Scotland,21/2/2022
EPI_ISL_10528451,Scotland,22/2/2022
EPI_ISL_10528446,Scotland,22/2/2022
EPI_ISL_10528692,Scotland,22/2/2022
EPI_ISL_10528570,Scotland,22/2/2022
EPI_ISL_10528572,Scotland,21/2/2022
EPI_ISL_10528327,Scotland,22/2/2022
EPI_ISL_10528450,Scotland,21/2/2022
EPI_ISL_10528567,Scotland,21/2/2022
EPI_ISL_10528329,Scotland,22/2/2022
EPI_ISL_10528332,Scotland,22/2/2022
EPI_ISL_10528335,Scotland,22/2/2022
EPI_ISL_10528691,England,22/2/2022
EPI_ISL_10528452,Scotland,22/2/2022
EPI_ISL_10528454,Scotland,22/2/2022
EPI_ISL_10528453,Scotland,22/2/2022
EPI_ISL_10528330,Scotland,22/2/2022
EPI_ISL_10528456,Scotland,22/2/2022
EPI_ISL_10528339,Scotland,22/2/2022
EPI_ISL_10528540,Scotland,22/2/2022
EPI_ISL_10528576,England,22/2/2022
EPI_ISL_10528660,England,22/2/2022
EPI_ISL_10528333,Scotland,22/2/2022
EPI_ISL_10528334,Scotland,22/2/2022
EPI_ISL_10528455,Scotland,22/2/2022
EPI_ISL_10528337,Scotland,21/2/2022
EPI_ISL_10528578,Scotland,22/2/2022
EPI_ISL_10528541,Scotland,21/2/2022
EPI_ISL_10528577,Scotland,22/2/2022
EPI_ISL_10528336,Scotland,21/2/2022
EPI_ISL_10528665,Scotland,22/2/2022
EPI_ISL_10528458,Scotland,22/2/2022
EPI_ISL_10528457,Scotland,22/2/2022
EPI_ISL_10528302,Scotland,22/2/2022
EPI_ISL_10528306,Scotland,21/2/2022
EPI_ISL_10528579,England,22/2/2022
EPI_ISL_10528690,England,22/2/2022
EPI_ISL_10528300,Scotland,22/2/2022
EPI_ISL_10528303,Scotland,22/2/2022
EPI_ISL_10528666,England,22/2/2022
EPI_ISL_10528309,Scotland,21/2/2022
EPI_ISL_10528459,Scotland,22/2/2022
EPI_ISL_10528301,Scotland,22/2/2022
EPI_ISL_10528308,Scotland,21/2/2022
EPI_ISL_10528661,England,21/2/2022
EPI_ISL_10528542,Scotland,22/2/2022
EPI_ISL_10528544,Scotland,21/2/2022
EPI_ISL_10528667,England,21/2/2022
EPI_ISL_10528663,Scotland,22/2/2022
EPI_ISL_10528662,Scotland,22/2/2022
EPI_ISL_10528543,Scotland,21/2/2022
EPI_ISL_10528545,Scotland,22/2/2022
EPI_ISL_10528664,Scotland,22/2/2022
EPI_ISL_10528304,Scotland,22/2/2022
EPI_ISL_10528553,Scotland,22/2/2022
EPI_ISL_10528546,Scotland,21/2/2022
EPI_ISL_10528547,Scotland,22/2/2022
EPI_ISL_10528670,Scotland,22/2/2022
EPI_ISL_10528548,Scotland,21/2/2022
EPI_ISL_10528668,Scotland,22/2/2022
EPI_ISL_10528550,Scotland,22/2/2022
EPI_ISL_10528558,Scotland,21/2/2022
EPI_ISL_10528669,England,22/2/2022
EPI_ISL_10524242,England,22/2/2022
EPI_ISL_10524259,England,22/2/2022
EPI_ISL_10528305,Scotland,22/2/2022
EPI_ISL_10528672,England,22/2/2022
EPI_ISL_10528671,England,22/2/2022
EPI_ISL_10528311,Scotland,22/2/2022
EPI_ISL_10528307,Scotland,21/2/2022
EPI_ISL_10528310,Scotland,22/2/2022
EPI_ISL_10528552,Scotland,22/2/2022
EPI_ISL_10528549,Scotland,22/2/2022
EPI_ISL_10528554,Scotland,22/2/2022
EPI_ISL_10528551,Scotland,22/2/2022
EPI_ISL_10528315,Scotland,22/2/2022
EPI_ISL_10528559,Scotland,22/2/2022
EPI_ISL_10528673,England,22/2/2022
EPI_ISL_10528312,Scotland,22/2/2022
EPI_ISL_10528557,Scotland,22/2/2022
EPI_ISL_10528313,Scotland,22/2/2022
EPI_ISL_10528676,England,21/2/2022
EPI_ISL_10528675,Scotland,22/2/2022
EPI_ISL_10528556,Scotland,22/2/2022
EPI_ISL_10528591,England,22/2/2022
EPI_ISL_10528555,Scotland,21/2/2022
EPI_ISL_10528678,Scotland,22/2/2022
EPI_ISL_10528679,England,22/2/2022
EPI_ISL_10528314,Scotland,22/2/2022
EPI_ISL_10528317,Scotland,22/2/2022
EPI_ISL_10528316,Scotland,22/2/2022
EPI_ISL_10528485,Scotland,22/2/2022
EPI_ISL_10528677,Scotland,22/2/2022
EPI_ISL_10528483,Scotland,22/2/2022
EPI_ISL_10528482,Scotland,22/2/2022
EPI_ISL_10528319,Scotland,21/2/2022
EPI_ISL_10528494,Scotland,22/2/2022
EPI_ISL_10528318,Scotland,22/2/2022
EPI_ISL_10528487,Scotland,22/2/2022
EPI_ISL_10528480,Scotland,21/2/2022
EPI_ISL_10528499,Scotland,18/2/2022
EPI_ISL_10528341,Scotland,22/2/2022
EPI_ISL_10528467,Scotland,22/2/2022
EPI_ISL_10528484,Scotland,21/2/2022
EPI_ISL_10528489,Scotland,22/2/2022
EPI_ISL_10528495,Scotland,22/2/2022
EPI_ISL_10528488,Scotland,21/2/2022
EPI_ISL_10528496,Scotland,22/2/2022
EPI_ISL_10528491,Scotland,21/2/2022
EPI_ISL_10528498,Scotland,22/2/2022
EPI_ISL_10528497,Scotland,22/2/2022
EPI_ISL_10528582,Scotland,22/2/2022
EPI_ISL_10528486,Scotland,22/2/2022
EPI_ISL_10528493,Scotland,22/2/2022
EPI_ISL_10528586,England,21/2/2022
EPI_ISL_10528481,Scotland,22/2/2022
EPI_ISL_10528342,Scotland,22/2/2022
EPI_ISL_10528583,Scotland,22/2/2022
EPI_ISL_10528584,Scotland,22/2/2022
EPI_ISL_10528462,Scotland,22/2/2022
EPI_ISL_10528345,Scotland,22/2/2022
EPI_ISL_10528490,Scotland,22/2/2022
EPI_ISL_10528340,Scotland,22/2/2022
EPI_ISL_10528461,Scotland,22/2/2022
EPI_ISL_10528492,Scotland,22/2/2022
EPI_ISL_10528585,Scotland,22/2/2022
EPI_ISL_10528348,Scotland,22/2/2022
EPI_ISL_10528469,Scotland,22/2/2022
EPI_ISL_10528460,Scotland,21/2/2022
EPI_ISL_10528581,Scotland,22/2/2022
EPI_ISL_10528465,Scotland,22/2/2022
EPI_ISL_10528463,Scotland,22/2/2022
EPI_ISL_10528344,Scotland,22/2/2022
EPI_ISL_10528350,Scotland,22/2/2022
EPI_ISL_10528599,Scotland,22/2/2022
EPI_ISL_10528343,Scotland,22/2/2022
EPI_ISL_10528466,Scotland,22/2/2022
EPI_ISL_10528472,Scotland,22/2/2022
EPI_ISL_10528464,Scotland,22/2/2022
EPI_ISL_10528354,Scotland,22/2/2022
EPI_ISL_10528346,Scotland,22/2/2022
EPI_ISL_10528592,England,22/2/2022
EPI_ISL_10528353,Scotland,22/2/2022
EPI_ISL_10528474,Scotland,22/2/2022
EPI_ISL_10528588,Scotland,22/2/2022
EPI_ISL_10528347,Scotland,22/2/2022
EPI_ISL_10528468,Scotland,22/2/2022
EPI_ISL_10528589,England,22/2/2022
EPI_ISL_10528587,England,22/2/2022
EPI_ISL_10528349,Scotland,22/2/2022
EPI_ISL_10528593,England,22/2/2022
EPI_ISL_10528471,Scotland,22/2/2022
EPI_ISL_10528351,Scotland,22/2/2022
EPI_ISL_10528595,England,22/2/2022
EPI_ISL_10528356,Scotland,21/2/2022
EPI_ISL_10528475,Scotland,22/2/2022
EPI_ISL_10528596,England,21/2/2022
EPI_ISL_10528598,England,21/2/2022
EPI_ISL_10528352,Scotland,22/2/2022
EPI_ISL_10528594,England,22/2/2022
EPI_ISL_10528470,Scotland,21/2/2022
EPI_ISL_10524249,England,22/2/2022
EPI_ISL_10528473,Scotland,22/2/2022
EPI_ISL_10528476,Scotland,22/2/2022
EPI_ISL_10528355,Scotland,21/2/2022
EPI_ISL_10528744,England,22/2/2022
EPI_ISL_10528478,Scotland,22/2/2022
EPI_ISL_10528477,Scotland,22/2/2022
EPI_ISL_10528479,Scotland,21/2/2022
EPI_ISL_10528590,England,22/2/2022
EPI_ISL_10524243,Scotland,21/2/2022
EPI_ISL_10528724,England,22/2/2022
EPI_ISL_10516080,Scotland,22/2/2022
EPI_ISL_10532352,Scotland,21/2/2022
EPI_ISL_10528829,England,22/2/2022
EPI_ISL_10532353,Scotland,21/2/2022
EPI_ISL_10524244,England,21/2/2022
EPI_ISL_10524248,England,22/2/2022
EPI_ISL_10524241,Scotland,22/2/2022
EPI_ISL_10528386,Belgium,21/2/2022
EPI_ISL_10524247,England,23/2/2022
EPI_ISL_10524245,Scotland,22/2/2022
EPI_ISL_10524258,England,23/2/2022
EPI_ISL_10524246,Scotland,21/2/2022
EPI_ISL_10528732,England,22/2/2022
EPI_ISL_10528762,England,22/2/2022
EPI_ISL_10528389,Belgium,21/2/2022
EPI_ISL_10524225,India,14/2/2022
EPI_ISL_10524223,India,14/2/2022
EPI_ISL_10528387,Belgium,21/2/2022
EPI_ISL_10528380,Belgium,21/2/2022
EPI_ISL_10524256,England,23/2/2022
EPI_ISL_10524257,England,23/2/2022
EPI_ISL_10524251,Scotland,22/2/2022
EPI_ISL_10524250,England,21/2/2022
EPI_ISL_10528385,Belgium,21/2/2022
EPI_ISL_10524252,England,22/2/2022
EPI_ISL_10524220,India,14/2/2022
EPI_ISL_10528382,Belgium,21/2/2022
EPI_ISL_10528396,Belgium,21/2/2022
EPI_ISL_10528384,Belgium,21/2/2022
EPI_ISL_10528383,Belgium,21/2/2022
EPI_ISL_10528388,Belgium,21/2/2022
EPI_ISL_10524219,India,14/2/2022
EPI_ISL_10524222,India,14/2/2022
EPI_ISL_10524221,India,14/2/2022
EPI_ISL_10528395,Belgium,21/2/2022
EPI_ISL_10524224,India,14/2/2022
EPI_ISL_10528394,Belgium,21/2/2022
EPI_ISL_10524229,India,14/2/2022
EPI_ISL_10524226,India,14/2/2022
EPI_ISL_10528397,Belgium,21/2/2022
EPI_ISL_10524228,India,14/2/2022
EPI_ISL_10524227,England,21/2/2022
EPI_ISL_10528398,Belgium,21/2/2022
EPI_ISL_10528381,Belgium,21/2/2022
EPI_ISL_10524239,India,15/2/2022
EPI_ISL_10524237,India,15/2/2022
EPI_ISL_10528403,Belgium,21/2/2022
EPI_ISL_10528399,Belgium,21/2/2022
EPI_ISL_10524238,India,15/2/2022
EPI_ISL_10524231,India,14/2/2022
EPI_ISL_10528390,Scotland,22/2/2022
EPI_ISL_10524236,India,14/2/2022
EPI_ISL_10528393,Belgium,21/2/2022
EPI_ISL_10528400,Belgium,21/2/2022
EPI_ISL_10528714,England,21/2/2022
EPI_ISL_10524232,India,14/2/2022
EPI_ISL_10528401,Belgium,21/2/2022
EPI_ISL_10524235,India,14/2/2022
EPI_ISL_10524234,India,14/2/2022
EPI_ISL_10524230,India,14/2/2022
EPI_ISL_10524233,India,14/2/2022
EPI_ISL_10524298,England,23/2/2022
EPI_ISL_10524176,India,14/2/2022
EPI_ISL_10524173,India,14/2/2022
EPI_ISL_10528391,Belgium,21/2/2022
EPI_ISL_10528392,Belgium,21/2/2022
EPI_ISL_10524290,England,23/2/2022
EPI_ISL_10524297,England,23/2/2022
EPI_ISL_10528402,Belgium,21/2/2022
EPI_ISL_11303923,England,16/3/2022
EPI_ISL_11303931,England,16/3/2022
EPI_ISL_11303929,England,16/3/2022
EPI_ISL_11303925,England,16/3/2022
EPI_ISL_11303924,England,16/3/2022
EPI_ISL_11303976,England,15/3/2022
EPI_ISL_11303906,England,16/3/2022
EPI_ISL_11303928,England,16/3/2022
EPI_ISL_11303943,England,15/3/2022
EPI_ISL_11303922,England,16/3/2022
EPI_ISL_11303905,England,16/3/2022
EPI_ISL_11303904,England,16/3/2022
EPI_ISL_11303927,England,16/3/2022
EPI_ISL_11303926,England,16/3/2022
EPI_ISL_11303900,England,16/3/2022
EPI_ISL_11303921,England,16/3/2022
EPI_ISL_11303930,England,16/3/2022
EPI_ISL_11303989,England,16/3/2022
EPI_ISL_11303992,England,15/3/2022
EPI_ISL_11303990,England,14/3/2022
EPI_ISL_11303986,England,15/3/2022
EPI_ISL_11303988,England,16/3/2022
EPI_ISL_11303993,England,16/3/2022
EPI_ISL_11303996,England,15/3/2022
EPI_ISL_11304195,England,15/3/2022
EPI_ISL_11304001,England,15/3/2022
EPI_ISL_11304005,England,15/3/2022
EPI_ISL_11303980,England,15/3/2022
EPI_ISL_11303957,England,15/3/2022
EPI_ISL_11303958,England,15/3/2022
EPI_ISL_11304007,England,15/3/2022
EPI_ISL_11303979,England,16/3/2022
EPI_ISL_11303956,England,16/3/2022
EPI_ISL_11303959,England,16/3/2022
EPI_ISL_11303964,England,14/3/2022
EPI_ISL_11303978,England,15/3/2022
EPI_ISL_11303955,England,16/3/2022
EPI_ISL_11303954,England,16/3/2022
EPI_ISL_11303963,England,14/3/2022
EPI_ISL_11303977,England,15/3/2022
EPI_ISL_11303962,England,16/3/2022
EPI_ISL_11303961,England,15/3/2022
EPI_ISL_11303960,England,15/3/2022
EPI_ISL_11303949,England,15/3/2022
EPI_ISL_11303975,England,15/3/2022
EPI_ISL_11303948,England,15/3/2022
EPI_ISL_11303947,England,14/3/2022
EPI_ISL_11303969,England,15/3/2022
EPI_ISL_11303968,England,15/3/2022
EPI_ISL_11303945,England,15/3/2022
EPI_ISL_11303967,England,16/3/2022
EPI_ISL_11303944,England,15/3/2022
EPI_ISL_11303971,England,14/3/2022
EPI_ISL_11303966,England,15/3/2022
EPI_ISL_11303965,England,15/3/2022
EPI_ISL_11303950,England,15/3/2022
EPI_ISL_11303953,England,15/3/2022
EPI_ISL_11303952,England,14/3/2022
EPI_ISL_11303974,England,14/3/2022
EPI_ISL_11303973,England,15/3/2022
EPI_ISL_11303951,England,15/3/2022
EPI_ISL_11303972,England,14/3/2022
EPI_ISL_11303970,England,16/3/2022
EPI_ISL_11303983,England,15/3/2022
EPI_ISL_11303982,England,15/3/2022
EPI_ISL_11303981,England,15/3/2022
EPI_ISL_11304462,England,15/3/2022
EPI_ISL_11304378,England,15/3/2022
EPI_ISL_11304057,England,14/3/2022
EPI_ISL_11304059,England,16/3/2022
EPI_ISL_11303998,England,15/3/2022
EPI_ISL_11303999,England,16/3/2022
EPI_ISL_11303985,England,15/3/2022
EPI_ISL_11303984,England,16/3/2022
EPI_ISL_11303987,England,15/3/2022
EPI_ISL_11303994,England,15/3/2022
EPI_ISL_11304003,England,15/3/2022
EPI_ISL_11303997,England,14/3/2022
EPI_ISL_11304004,England,15/3/2022
EPI_ISL_11303995,England,14/3/2022
EPI_ISL_11304006,England,11/3/2022
EPI_ISL_11303991,England,15/3/2022
EPI_ISL_11304002,England,14/3/2022
EPI_ISL_11304000,England,15/3/2022
EPI_ISL_11304109,England,15/3/2022
EPI_ISL_11304114,England,15/3/2022
EPI_ISL_11304016,England,13/3/2022
EPI_ISL_11304021,England,15/3/2022
EPI_ISL_11304020,England,15/3/2022
EPI_ISL_11304013,England,16/3/2022
EPI_ISL_11304009,England,15/3/2022
EPI_ISL_11304019,England,15/3/2022
EPI_ISL_11304018,England,15/3/2022
EPI_ISL_11304017,England,15/3/2022
EPI_ISL_11304015,England,15/3/2022
EPI_ISL_11304014,England,16/3/2022
EPI_ISL_11304012,England,16/3/2022
EPI_ISL_11304133,England,15/3/2022
EPI_ISL_11304011,England,15/3/2022
EPI_ISL_11304010,England,16/3/2022
EPI_ISL_11304008,England,15/3/2022
EPI_ISL_11304038,England,15/3/2022
EPI_ISL_11304079,England,15/3/2022
EPI_ISL_11304039,England,14/3/2022
EPI_ISL_11304033,England,15/3/2022
EPI_ISL_11304037,England,15/3/2022
EPI_ISL_11304034,England,15/3/2022
EPI_ISL_11304036,England,14/3/2022
EPI_ISL_11304035,England,15/3/2022
EPI_ISL_11304032,England,16/3/2022
EPI_ISL_11304031,England,15/3/2022
EPI_ISL_11304030,England,16/3/2022
EPI_ISL_11304028,England,15/3/2022
EPI_ISL_11304023,England,16/3/2022
EPI_ISL_11304029,England,15/3/2022
EPI_ISL_11304027,England,15/3/2022
EPI_ISL_11304024,England,15/3/2022
EPI_ISL_11304026,England,15/3/2022
EPI_ISL_11304054,England,15/3/2022
EPI_ISL_11304025,England,15/3/2022
EPI_ISL_11304022,England,15/3/2022
EPI_ISL_11304056,England,15/3/2022
EPI_ISL_11304061,England,15/3/2022
EPI_ISL_11304064,England,15/3/2022
EPI_ISL_11304062,England,14/3/2022
EPI_ISL_11304060,England,15/3/2022
EPI_ISL_11304058,England,14/3/2022
EPI_ISL_11304055,England,15/3/2022
EPI_ISL_11304048,England,14/3/2022
EPI_ISL_11304053,England,16/3/2022
EPI_ISL_11304052,England,15/3/2022
EPI_ISL_11304051,England,15/3/2022
EPI_ISL_11304040,England,14/3/2022
EPI_ISL_11304050,England,16/3/2022
EPI_ISL_11304047,England,15/3/2022
EPI_ISL_11304049,England,15/3/2022
EPI_ISL_11304046,England,16/3/2022
EPI_ISL_11304045,England,14/3/2022
EPI_ISL_11304044,England,15/3/2022
EPI_ISL_11304043,England,15/3/2022
EPI_ISL_11304042,England,16/3/2022
EPI_ISL_11304041,England,14/3/2022
EPI_ISL_11304164,England,14/3/2022
EPI_ISL_11304161,England,15/3/2022
EPI_ISL_11304078,England,16/3/2022
EPI_ISL_11304070,England,14/3/2022
EPI_ISL_11304077,England,14/3/2022
EPI_ISL_11304072,England,15/3/2022
EPI_ISL_11304076,England,15/3/2022
EPI_ISL_11304068,England,15/3/2022
EPI_ISL_11304075,England,15/3/2022
EPI_ISL_11304066,England,16/3/2022
EPI_ISL_11304074,England,15/3/2022
EPI_ISL_11304067,England,15/3/2022
EPI_ISL_11304073,England,14/3/2022
EPI_ISL_11304071,England,14/3/2022
EPI_ISL_11304063,England,15/3/2022
EPI_ISL_11304069,England,14/3/2022
EPI_ISL_11304080,England,16/3/2022
EPI_ISL_11304065,England,14/3/2022
EPI_ISL_11304186,Scotland,16/3/2022
EPI_ISL_11304108,England,15/3/2022
EPI_ISL_11304116,England,15/3/2022
EPI_ISL_11304110,England,14/3/2022
EPI_ISL_11304117,England,15/3/2022
EPI_ISL_11304155,England,15/3/2022
EPI_ISL_11304118,England,14/3/2022
EPI_ISL_11304106,England,16/3/2022
EPI_ISL_11304154,England,15/3/2022
EPI_ISL_11304115,England,15/3/2022
EPI_ISL_11304147,England,15/3/2022
EPI_ISL_11304102,England,15/3/2022
EPI_ISL_11304113,England,15/3/2022
EPI_ISL_11304112,Scotland,16/3/2022
EPI_ISL_11304111,England,15/3/2022
EPI_ISL_11304081,England,15/3/2022
EPI_ISL_11304082,England,16/3/2022
EPI_ISL_11304107,England,14/3/2022
EPI_ISL_11304105,England,15/3/2022
EPI_ISL_11304132,England,15/3/2022
EPI_ISL_11304104,England,15/3/2022
EPI_ISL_11304100,England,15/3/2022
EPI_ISL_11304099,England,14/3/2022
EPI_ISL_11304103,England,15/3/2022
EPI_ISL_11304130,England,15/3/2022
EPI_ISL_11304101,England,15/3/2022
EPI_ISL_11304091,England,15/3/2022
EPI_ISL_11304090,England,14/3/2022
EPI_ISL_11304097,England,16/3/2022
EPI_ISL_11304098,England,15/3/2022
EPI_ISL_11304126,England,15/3/2022
EPI_ISL_11304122,England,14/3/2022
EPI_ISL_11304212,England,15/3/2022
EPI_ISL_11304131,England,15/3/2022
EPI_ISL_11304096,England,14/3/2022
EPI_ISL_11304094,England,16/3/2022
EPI_ISL_11304095,England,15/3/2022
EPI_ISL_11304127,England,15/3/2022
EPI_ISL_11304093,England,16/3/2022
EPI_ISL_11304119,England,15/3/2022
EPI_ISL_11304092,England,16/3/2022
EPI_ISL_11304129,England,15/3/2022
EPI_ISL_11304120,England,15/3/2022
EPI_ISL_11304128,England,15/3/2022
EPI_ISL_11304125,England,15/3/2022
EPI_ISL_11304124,England,14/3/2022
EPI_ISL_11304088,England,14/3/2022
EPI_ISL_11304123,England,15/3/2022
EPI_ISL_11304121,England,15/3/2022
EPI_ISL_11304089,England,16/3/2022
EPI_ISL_11304087,England,15/3/2022
EPI_ISL_11304220,England,15/3/2022
EPI_ISL_11304086,England,15/3/2022
EPI_ISL_11304083,England,15/3/2022
EPI_ISL_11304085,England,15/3/2022
EPI_ISL_11304084,England,15/3/2022
EPI_ISL_11304233,England,15/3/2022
EPI_ISL_11304234,England,15/3/2022
EPI_ISL_11304153,England,15/3/2022
EPI_ISL_11304152,England,15/3/2022
EPI_ISL_11304151,England,15/3/2022
EPI_ISL_11304144,England,14/3/2022
EPI_ISL_11304150,England,15/3/2022
EPI_ISL_11304140,England,15/3/2022
EPI_ISL_11304149,England,15/3/2022
EPI_ISL_11304148,England,15/3/2022
EPI_ISL_11304139,England,15/3/2022
EPI_ISL_11304146,England,15/3/2022
EPI_ISL_11304136,England,15/3/2022
EPI_ISL_11304145,England,15/3/2022
EPI_ISL_11304143,England,15/3/2022
EPI_ISL_11304142,England,15/3/2022
EPI_ISL_11304141,England,15/3/2022
EPI_ISL_11304138,England,14/3/2022
EPI_ISL_11304137,England,15/3/2022
EPI_ISL_11304135,England,15/3/2022
EPI_ISL_11304134,England,15/3/2022
EPI_ISL_11304190,England,14/3/2022
EPI_ISL_11304159,England,15/3/2022
EPI_ISL_11304158,England,14/3/2022
EPI_ISL_11304157,England,15/3/2022
EPI_ISL_11304156,England,15/3/2022
EPI_ISL_11304196,England,15/3/2022
EPI_ISL_11304193,England,14/3/2022
EPI_ISL_11304194,England,15/3/2022
EPI_ISL_11304192,England,15/3/2022
EPI_ISL_11304191,England,15/3/2022
EPI_ISL_11304173,England,15/3/2022
EPI_ISL_11304189,England,14/3/2022
EPI_ISL_11304188,England,15/3/2022
EPI_ISL_11304187,England,15/3/2022
EPI_ISL_11304185,England,15/3/2022
EPI_ISL_11304184,England,15/3/2022
EPI_ISL_11304183,England,15/3/2022
EPI_ISL_11304182,England,15/3/2022
EPI_ISL_11304181,England,15/3/2022
EPI_ISL_11304180,England,15/3/2022
EPI_ISL_11304179,England,15/3/2022
EPI_ISL_11304178,England,14/3/2022
EPI_ISL_11304177,England,14/3/2022
EPI_ISL_11304176,England,15/3/2022
EPI_ISL_11304175,England,14/3/2022
EPI_ISL_11304174,England,15/3/2022
EPI_ISL_11304172,England,15/3/2022
EPI_ISL_11304171,England,15/3/2022
EPI_ISL_11304170,England,15/3/2022
EPI_ISL_11304169,England,15/3/2022
EPI_ISL_11304168,England,14/3/2022
EPI_ISL_11304167,England,14/3/2022
EPI_ISL_11304166,England,14/3/2022
EPI_ISL_11304165,England,14/3/2022
EPI_ISL_11304583,England,16/3/2022
EPI_ISL_11304163,England,15/3/2022
EPI_ISL_11304162,England,15/3/2022
EPI_ISL_11304160,England,14/3/2022
EPI_ISL_11304299,England,16/3/2022
EPI_ISL_11304303,England,16/3/2022
EPI_ISL_11304198,Scotland,16/3/2022
EPI_ISL_11304199,England,14/3/2022
EPI_ISL_11304306,England,15/3/2022
EPI_ISL_11304197,England,14/3/2022
EPI_ISL_11304308,England,16/3/2022
EPI_ISL_11304313,England,16/3/2022
EPI_ISL_11304202,England,15/3/2022
EPI_ISL_11304317,England,16/3/2022
EPI_ISL_11304203,England,15/3/2022
EPI_ISL_11304201,England,14/3/2022
EPI_ISL_11304200,England,15/3/2022
EPI_ISL_11304229,England,14/3/2022
EPI_ISL_11304237,England,15/3/2022
EPI_ISL_11304239,England,15/3/2022
EPI_ISL_11304238,England,14/3/2022
EPI_ISL_11304236,England,14/3/2022
EPI_ISL_11304235,England,15/3/2022
EPI_ISL_11304230,England,15/3/2022
EPI_ISL_11304232,England,14/3/2022
EPI_ISL_11304231,England,14/3/2022
EPI_ISL_11304219,England,15/3/2022
EPI_ISL_11304226,Scotland,16/3/2022
EPI_ISL_11304218,England,14/3/2022
EPI_ISL_11304228,England,15/3/2022
EPI_ISL_11304227,England,15/3/2022
EPI_ISL_11304225,England,15/3/2022
EPI_ISL_11304223,England,15/3/2022
EPI_ISL_11304224,England,14/3/2022
EPI_ISL_11304222,England,16/3/2022
EPI_ISL_11304221,England,15/3/2022
EPI_ISL_11304209,England,15/3/2022
EPI_ISL_11304208,England,15/3/2022
EPI_ISL_11304207,England,15/3/2022
EPI_ISL_11304217,England,14/3/2022
EPI_ISL_11304216,Scotland,16/3/2022
EPI_ISL_11304215,England,14/3/2022
EPI_ISL_11304214,England,15/3/2022
EPI_ISL_11304258,England,14/3/2022
EPI_ISL_11304213,England,15/3/2022
EPI_ISL_11304257,England,15/3/2022
EPI_ISL_11304256,England,15/3/2022
EPI_ISL_11304211,England,15/3/2022
EPI_ISL_11304255,England,15/3/2022
EPI_ISL_11304210,England,15/3/2022
EPI_ISL_11304254,England,15/3/2022
EPI_ISL_11304253,England,15/3/2022
EPI_ISL_11304252,England,15/3/2022
EPI_ISL_11304249,England,12/3/2022
EPI_ISL_11304251,England,15/3/2022
EPI_ISL_11304246,England,15/3/2022
EPI_ISL_11304241,England,15/3/2022
EPI_ISL_11304250,England,15/3/2022
EPI_ISL_11304206,England,14/3/2022
EPI_ISL_11304205,England,15/3/2022
EPI_ISL_11304204,England,15/3/2022
EPI_ISL_11304248,England,15/3/2022
EPI_ISL_11304247,England,15/3/2022
EPI_ISL_11304245,England,15/3/2022
EPI_ISL_11304244,England,14/3/2022
EPI_ISL_11304243,England,14/3/2022
EPI_ISL_11304242,England,15/3/2022
EPI_ISL_11304240,Scotland,16/3/2022
EPI_ISL_11304277,England,15/3/2022
EPI_ISL_11304279,England,16/3/2022
EPI_ISL_11304278,England,15/3/2022
EPI_ISL_11304276,England,15/3/2022
EPI_ISL_11304269,England,15/3/2022
EPI_ISL_11304275,England,15/3/2022
EPI_ISL_11304274,England,15/3/2022
EPI_ISL_11304273,England,16/3/2022
EPI_ISL_11304272,England,15/3/2022
EPI_ISL_11304271,England,16/3/2022
EPI_ISL_11304270,England,15/3/2022
EPI_ISL_11304268,England,16/3/2022
EPI_ISL_11304267,England,15/3/2022
EPI_ISL_11304266,England,16/3/2022
EPI_ISL_11304265,England,16/3/2022
EPI_ISL_11304264,England,15/3/2022
EPI_ISL_11304263,England,15/3/2022
EPI_ISL_11304262,England,14/3/2022
EPI_ISL_11304261,England,15/3/2022
EPI_ISL_11304260,England,15/3/2022
EPI_ISL_11304259,England,15/3/2022
EPI_ISL_11304316,England,16/3/2022
EPI_ISL_11304314,England,16/3/2022
EPI_ISL_11304312,England,16/3/2022
EPI_ISL_11304353,England,16/3/2022
EPI_ISL_11304350,England,15/3/2022
EPI_ISL_11304309,England,15/3/2022
EPI_ISL_11304307,England,15/3/2022
EPI_ISL_11304315,England,16/3/2022
EPI_ISL_11304351,England,16/3/2022
EPI_ISL_11304311,England,15/3/2022
EPI_ISL_11392812,England,18/3/2022
EPI_ISL_11392817,England,18/3/2022
EPI_ISL_11392832,England,18/3/2022
EPI_ISL_11392711,England,18/3/2022
EPI_ISL_11393346,England,16/3/2022
EPI_ISL_11392839,England,18/3/2022
EPI_ISL_11392501,England,18/3/2022
EPI_ISL_11393351,England,17/3/2022
EPI_ISL_11392508,England,18/3/2022
EPI_ISL_11392830,England,18/3/2022
EPI_ISL_11393349,England,17/3/2022
EPI_ISL_11392628,England,18/3/2022
EPI_ISL_11392503,England,18/3/2022
EPI_ISL_11392500,England,18/3/2022
EPI_ISL_11392509,England,18/3/2022
EPI_ISL_11393510,England,18/3/2022
EPI_ISL_11393361,England,18/3/2022
EPI_ISL_11392618,England,18/3/2022
EPI_ISL_11392927,England,17/3/2022
EPI_ISL_11392614,England,18/3/2022
EPI_ISL_11392924,England,18/3/2022
EPI_ISL_11392925,England,18/3/2022
EPI_ISL_11392914,England,18/3/2022
EPI_ISL_11393359,England,17/3/2022
EPI_ISL_11392923,England,17/3/2022
EPI_ISL_11392926,England,17/3/2022
EPI_ISL_11392920,England,18/3/2022
EPI_ISL_11392915,England,17/3/2022
EPI_ISL_11392917,England,18/3/2022
EPI_ISL_11392948,England,17/3/2022
EPI_ISL_11393367,England,17/3/2022
EPI_ISL_11393363,England,17/3/2022
EPI_ISL_11392843,England,18/3/2022
EPI_ISL_11392963,England,18/3/2022
EPI_ISL_11392846,England,18/3/2022
EPI_ISL_11392931,Scotland,17/3/2022
EPI_ISL_11393372,England,18/3/2022
EPI_ISL_11392845,England,18/3/2022
EPI_ISL_11392930,England,17/3/2022
EPI_ISL_11392969,England,17/3/2022
EPI_ISL_11392964,Scotland,17/3/2022
EPI_ISL_11392939,England,17/3/2022
EPI_ISL_11392849,England,18/3/2022
EPI_ISL_11392962,England,18/3/2022
EPI_ISL_11392848,England,18/3/2022
EPI_ISL_11393020,Belgium,19/3/2022
EPI_ISL_11392961,England,17/3/2022
EPI_ISL_11392960,England,17/3/2022
EPI_ISL_11392956,England,17/3/2022
EPI_ISL_11392844,England,17/3/2022
EPI_ISL_11392957,England,17/3/2022
EPI_ISL_11392953,England,18/3/2022
EPI_ISL_11392959,England,18/3/2022
EPI_ISL_11392955,England,18/3/2022
EPI_ISL_11393373,England,17/3/2022
EPI_ISL_11392246,England,18/3/2022
EPI_ISL_11392857,England,18/3/2022
EPI_ISL_11392854,England,18/3/2022
EPI_ISL_11393381,England,18/3/2022
EPI_ISL_11392984,England,17/3/2022
EPI_ISL_11393374,England,17/3/2022
EPI_ISL_11392951,England,17/3/2022
EPI_ISL_11393375,England,17/3/2022
EPI_ISL_11392952,Scotland,17/3/2022
EPI_ISL_11393380,England,18/3/2022
EPI_ISL_11392954,England,17/3/2022
EPI_ISL_11392865,England,17/3/2022
EPI_ISL_11392869,England,18/3/2022
EPI_ISL_11393379,England,17/3/2022
EPI_ISL_11392868,England,18/3/2022
EPI_ISL_11392867,England,18/3/2022
EPI_ISL_11393378,England,17/3/2022
EPI_ISL_11392860,England,18/3/2022
EPI_ISL_11392859,England,18/3/2022
EPI_ISL_11392986,England,17/3/2022
EPI_ISL_11392864,England,17/3/2022
EPI_ISL_11392858,England,17/3/2022
EPI_ISL_11392855,England,18/3/2022
EPI_ISL_11392853,England,18/3/2022
EPI_ISL_11392866,England,18/3/2022
EPI_ISL_11392862,England,18/3/2022
EPI_ISL_11392861,England,18/3/2022
EPI_ISL_11392977,England,18/3/2022
EPI_ISL_11393034,Belgium,22/3/2022
EPI_ISL_11393386,England,18/3/2022
EPI_ISL_11392856,England,16/3/2022
EPI_ISL_11393027,Belgium,21/3/2022
EPI_ISL_11393391,England,18/3/2022
EPI_ISL_11393028,Belgium,22/3/2022
EPI_ISL_11393387,England,18/3/2022
EPI_ISL_11392850,England,18/3/2022
EPI_ISL_11393022,Belgium,21/3/2022
EPI_ISL_11392852,England,18/3/2022
EPI_ISL_11393023,Belgium,21/3/2022
EPI_ISL_11392851,England,17/3/2022
EPI_ISL_11393021,Belgium,21/3/2022
EPI_ISL_11393026,Belgium,21/3/2022
EPI_ISL_11393024,Belgium,21/3/2022
EPI_ISL_11393388,England,17/3/2022
EPI_ISL_11392871,England,18/3/2022
EPI_ISL_11393390,England,17/3/2022
EPI_ISL_11393395,England,17/3/2022
EPI_ISL_11393393,England,17/3/2022
EPI_ISL_11393398,England,17/3/2022
EPI_ISL_11393394,England,17/3/2022
EPI_ISL_11393396,England,18/3/2022
EPI_ISL_11392870,England,18/3/2022
EPI_ISL_11393397,England,17/3/2022
EPI_ISL_11393406,England,17/3/2022
EPI_ISL_11393399,England,17/3/2022
EPI_ISL_11392253,England,18/3/2022
EPI_ISL_11392119,England,19/3/2022
EPI_ISL_11393404,England,17/3/2022
EPI_ISL_11393407,England,18/3/2022
EPI_ISL_11393401,England,17/3/2022
EPI_ISL_11393408,England,17/3/2022
EPI_ISL_11393418,England,17/3/2022
EPI_ISL_11393416,England,17/3/2022
EPI_ISL_11393427,England,18/3/2022
EPI_ISL_11393467,England,18/3/2022
EPI_ISL_11393487,England,18/3/2022
EPI_ISL_11393477,England,17/3/2022
EPI_ISL_11393469,England,17/3/2022
EPI_ISL_11393114,England,17/3/2022
EPI_ISL_11393112,England,17/3/2022
EPI_ISL_11393103,England,17/3/2022
EPI_ISL_11393015,England,18/3/2022
EPI_ISL_11393007,England,17/3/2022
EPI_ISL_11393016,England,18/3/2022
EPI_ISL_11393138,England,17/3/2022
EPI_ISL_11393014,England,18/3/2022
EPI_ISL_11393017,England,18/3/2022
EPI_ISL_11393012,England,18/3/2022
EPI_ISL_11393018,England,18/3/2022
EPI_ISL_11393019,England,18/3/2022
EPI_ISL_11393010,England,18/3/2022
EPI_ISL_11393132,Scotland,17/3/2022
EPI_ISL_11393134,Scotland,17/3/2022
EPI_ISL_11393006,England,17/3/2022
EPI_ISL_11393002,England,18/3/2022
EPI_ISL_11393133,England,18/3/2022
EPI_ISL_11393013,England,17/3/2022
EPI_ISL_11393005,England,17/3/2022
EPI_ISL_11393011,England,17/3/2022
EPI_ISL_11393122,Scotland,17/3/2022
EPI_ISL_11393120,England,17/3/2022
EPI_ISL_11393009,England,18/3/2022
EPI_ISL_11393003,England,17/3/2022
EPI_ISL_11393001,England,18/3/2022
EPI_ISL_11393000,Scotland,17/3/2022
EPI_ISL_11393008,Scotland,17/3/2022
EPI_ISL_11393124,Scotland,17/3/2022
EPI_ISL_11393162,England,18/3/2022
EPI_ISL_11393004,England,18/3/2022
EPI_ISL_11393146,England,18/3/2022
EPI_ISL_11393160,England,17/3/2022
EPI_ISL_11393275,England,17/3/2022
EPI_ISL_11393274,England,16/3/2022
EPI_ISL_11393154,England,18/3/2022
EPI_ISL_11392883,Scotland,17/3/2022
EPI_ISL_11392889,England,17/3/2022
EPI_ISL_11392997,England,18/3/2022
EPI_ISL_11392886,England,18/3/2022
EPI_ISL_11392879,England,18/3/2022
EPI_ISL_11392990,England,14/3/2022
EPI_ISL_11392887,England,17/3/2022
EPI_ISL_11392888,England,17/3/2022
EPI_ISL_11392991,England,17/3/2022
EPI_ISL_11392882,England,18/3/2022
EPI_ISL_11392999,England,17/3/2022
EPI_ISL_11392922,England,17/3/2022
EPI_ISL_11392885,Scotland,17/3/2022
EPI_ISL_11392875,England,17/3/2022
EPI_ISL_11392994,England,18/3/2022
EPI_ISL_11392881,England,18/3/2022
EPI_ISL_11392995,England,17/3/2022
EPI_ISL_11392878,England,18/3/2022
EPI_ISL_11392874,England,18/3/2022
EPI_ISL_11392897,Scotland,17/3/2022
EPI_ISL_11392877,England,18/3/2022
EPI_ISL_11392873,England,18/3/2022
EPI_ISL_11392896,England,18/3/2022
EPI_ISL_11392899,Scotland,17/3/2022
EPI_ISL_11392890,England,18/3/2022
EPI_ISL_11392894,England,18/3/2022
EPI_ISL_11392895,England,17/3/2022
EPI_ISL_11392891,Scotland,17/3/2022
EPI_ISL_11392921,England,17/3/2022
EPI_ISL_11392929,England,18/3/2022
EPI_ISL_11392918,England,17/3/2022
EPI_ISL_11392919,Scotland,17/3/2022
EPI_ISL_11392928,England,18/3/2022
EPI_ISL_11392913,England,17/3/2022
EPI_ISL_11392940,England,18/3/2022
EPI_ISL_11392912,England,18/3/2022
EPI_ISL_11392911,England,17/3/2022
EPI_ISL_11392942,England,17/3/2022
EPI_ISL_11392910,England,17/3/2022
EPI_ISL_11392916,England,18/3/2022
EPI_ISL_11392937,England,18/3/2022
EPI_ISL_11392938,England,17/3/2022
EPI_ISL_11392946,Scotland,17/3/2022
EPI_ISL_11392947,England,18/3/2022
EPI_ISL_11392941,Scotland,17/3/2022
EPI_ISL_11392945,England,17/3/2022
EPI_ISL_11392944,England,18/3/2022
EPI_ISL_11392949,England,17/3/2022
EPI_ISL_11392968,England,18/3/2022
EPI_ISL_11392943,England,17/3/2022
EPI_ISL_11392934,England,17/3/2022
EPI_ISL_11392935,England,17/3/2022
EPI_ISL_11392989,England,17/3/2022
EPI_ISL_11392975,England,18/3/2022
EPI_ISL_11392936,England,17/3/2022
EPI_ISL_11392965,Scotland,17/3/2022
EPI_ISL_11392980,England,18/3/2022
EPI_ISL_11392933,England,17/3/2022
EPI_ISL_11392966,Scotland,17/3/2022
EPI_ISL_11392932,England,17/3/2022
EPI_ISL_11392967,England,17/3/2022
EPI_ISL_11392958,Scotland,17/3/2022
EPI_ISL_11392985,England,18/3/2022
EPI_ISL_11392950,Scotland,17/3/2022
EPI_ISL_11392982,England,18/3/2022
EPI_ISL_11392988,England,17/3/2022
EPI_ISL_11393058,England,17/3/2022
EPI_ISL_11392987,England,17/3/2022
EPI_ISL_11392981,Scotland,17/3/2022
EPI_ISL_11392983,England,17/3/2022
EPI_ISL_11392979,England,18/3/2022
EPI_ISL_11392976,England,18/3/2022
EPI_ISL_11392978,England,17/3/2022
EPI_ISL_11392974,England,18/3/2022
EPI_ISL_11393059,England,17/3/2022
EPI_ISL_11392971,England,17/3/2022
EPI_ISL_11392970,England,17/3/2022
EPI_ISL_11393495,England,17/3/2022
EPI_ISL_11392973,England,18/3/2022
EPI_ISL_11392972,Scotland,17/3/2022
EPI_ISL_11393056,England,17/3/2022
EPI_ISL_11393500,England,17/3/2022
EPI_ISL_11393054,England,17/3/2022
EPI_ISL_11393503,England,17/3/2022
EPI_ISL_11393062,England,18/3/2022
EPI_ISL_11393045,England,18/3/2022
EPI_ISL_11393065,Scotland,17/3/2022
EPI_ISL_11393091,England,17/3/2022
EPI_ISL_11393044,England,15/3/2022
EPI_ISL_11393506,England,17/3/2022
EPI_ISL_11393051,England,17/3/2022
EPI_ISL_11393078,England,18/3/2022
EPI_ISL_11393067,England,17/3/2022
EPI_ISL_11393086,England,17/3/2022
EPI_ISL_11393083,England,17/3/2022
EPI_ISL_11393081,England,17/3/2022
EPI_ISL_11393069,Scotland,17/3/2022
EPI_ISL_11393068,England,17/3/2022
EPI_ISL_11393066,England,17/3/2022
EPI_ISL_11393074,England,17/3/2022
EPI_ISL_11393075,England,18/3/2022
EPI_ISL_11393072,England,18/3/2022
EPI_ISL_11393073,England,18/3/2022
EPI_ISL_11393087,England,17/3/2022
EPI_ISL_11393071,England,17/3/2022
EPI_ISL_11393092,England,18/3/2022
EPI_ISL_11393095,Scotland,17/3/2022
EPI_ISL_11393513,England,17/3/2022
EPI_ISL_11393089,England,17/3/2022
EPI_ISL_11393219,England,18/3/2022
EPI_ISL_11392904,England,17/3/2022
EPI_ISL_11393534,England,17/3/2022
EPI_ISL_11392903,Scotland,17/3/2022
EPI_ISL_11392906,Scotland,17/3/2022
EPI_ISL_11392900,Scotland,17/3/2022
EPI_ISL_11393337,England,17/3/2022
EPI_ISL_11393209,Scotland,17/3/2022
EPI_ISL_11392909,Scotland,17/3/2022
EPI_ISL_11392905,Scotland,17/3/2022
EPI_ISL_11393214,England,18/3/2022
EPI_ISL_11392908,England,18/3/2022
EPI_ISL_11393217,England,18/3/2022
EPI_ISL_11393536,England,18/3/2022
EPI_ISL_11393530,England,17/3/2022
EPI_ISL_11393533,England,17/3/2022
EPI_ISL_11393528,England,17/3/2022
EPI_ISL_11393338,England,17/3/2022
EPI_ISL_11393336,England,17/3/2022
EPI_ISL_11393331,England,16/3/2022
EPI_ISL_11393218,England,17/3/2022
EPI_ISL_11393334,England,17/3/2022
EPI_ISL_11393211,England,17/3/2022
EPI_ISL_11393322,England,16/3/2022
EPI_ISL_11393216,England,18/3/2022
EPI_ISL_11393335,England,16/3/2022
EPI_ISL_11393333,England,18/3/2022
EPI_ISL_11393213,England,17/3/2022
EPI_ISL_11393215,Scotland,17/3/2022
EPI_ISL_11393328,England,17/3/2022
EPI_ISL_11393353,England,18/3/2022
EPI_ISL_11393232,England,17/3/2022
EPI_ISL_11393212,Scotland,17/3/2022
EPI_ISL_11393206,England,17/3/2022
EPI_ISL_11393324,England,17/3/2022
EPI_ISL_11393210,England,18/3/2022
EPI_ISL_11393326,England,18/3/2022
EPI_ISL_11393321,England,17/3/2022
EPI_ISL_11393355,England,17/3/2022
EPI_ISL_11393332,England,17/3/2022
EPI_ISL_11393208,England,18/3/2022
EPI_ISL_11393205,England,18/3/2022
EPI_ISL_11393330,England,17/3/2022
EPI_ISL_11393207,England,17/3/2022
EPI_ISL_11393325,England,17/3/2022
EPI_ISL_11393203,Scotland,17/3/2022
EPI_ISL_11393201,England,18/3/2022
EPI_ISL_11393358,England,17/3/2022
EPI_ISL_11393329,England,17/3/2022
EPI_ISL_11393327,England,17/3/2022
EPI_ISL_11393204,England,17/3/2022
EPI_ISL_11393200,England,17/3/2022
EPI_ISL_11393323,England,17/3/2022
EPI_ISL_11393238,England,17/3/2022
EPI_ISL_11393357,England,17/3/2022
EPI_ISL_11393356,England,17/3/2022
EPI_ISL_11393202,England,17/3/2022
EPI_ISL_11393354,England,17/3/2022
EPI_ISL_11393227,England,18/3/2022
EPI_ISL_11393320,England,17/3/2022
EPI_ISL_11393239,Scotland,17/3/2022
EPI_ISL_11393237,England,17/3/2022
EPI_ISL_11393235,England,18/3/2022
EPI_ISL_11393305,England,17/3/2022
EPI_ISL_11393600,England,18/3/2022
EPI_ISL_11393236,England,17/3/2022
EPI_ISL_11393345,England,17/3/2022
EPI_ISL_11393342,England,18/3/2022
EPI_ISL_11393222,England,17/3/2022
EPI_ISL_11393234,England,18/3/2022
EPI_ISL_11393228,Scotland,17/3/2022
EPI_ISL_11393233,England,18/3/2022
EPI_ISL_11393231,England,18/3/2022
EPI_ISL_11393229,England,18/3/2022
EPI_ISL_11393225,Scotland,17/3/2022
EPI_ISL_11393230,England,17/3/2022
EPI_ISL_11393240,England,17/3/2022
EPI_ISL_11393256,England,18/3/2022
EPI_ISL_11393254,England,16/3/2022
EPI_ISL_11393352,England,16/3/2022
EPI_ISL_11393257,England,17/3/2022
EPI_ISL_11392836,England,18/3/2022
EPI_ISL_11393360,England,17/3/2022
EPI_ISL_11393348,England,17/3/2022
EPI_ISL_11393226,England,18/3/2022
EPI_ISL_11393224,England,18/3/2022
EPI_ISL_11393347,England,17/3/2022
EPI_ISL_11393253,England,17/3/2022
EPI_ISL_11393262,England,17/3/2022
EPI_ISL_11393344,England,17/3/2022
EPI_ISL_11393343,England,18/3/2022
EPI_ISL_11393223,England,17/3/2022
EPI_ISL_11393340,England,17/3/2022
EPI_ISL_11392840,England,18/3/2022
EPI_ISL_11393255,England,18/3/2022
EPI_ISL_11393221,England,17/3/2022
EPI_ISL_11393350,England,17/3/2022
EPI_ISL_11393258,England,17/3/2022
EPI_ISL_11392841,England,18/3/2022
EPI_ISL_11393220,England,18/3/2022
EPI_ISL_11393341,England,18/3/2022
EPI_ISL_11393140,England,17/3/2022
EPI_ISL_11393259,England,17/3/2022
EPI_ISL_3065076,USA,23/6/2021
EPI_ISL_3072776,Denmark,20/7/2021
EPI_ISL_3064990,USA,13/7/2021
EPI_ISL_3060994,Spain,23/6/2021
EPI_ISL_3064693,USA,7/7/2021
EPI_ISL_3060697,India,21/6/2021
EPI_ISL_3072875,Denmark,12/7/2021
EPI_ISL_3071201,Portugal,11/7/2021
EPI_ISL_3069281,England,15/7/2021
EPI_ISL_3061289,Croatia,24/6/2021
EPI_ISL_3070534,England,14/7/2021
EPI_ISL_3064840,USA,12/7/2021
EPI_ISL_3060844,India,21/6/2021
EPI_ISL_3069194,England,16/7/2021
EPI_ISL_3071114,Bangladesh,28/6/2021
EPI_ISL_3065198,USA,28/6/2021
EPI_ISL_3070621,England,14/7/2021
EPI_ISL_3060582,India,25/6/2021
EPI_ISL_3064586,USA,7/7/2021
EPI_ISL_3072698,Denmark,20/7/2021
EPI_ISL_3062610,Netherlands,15/7/2021
EPI_ISL_3068872,England,19/7/2021
EPI_ISL_3069953,England,16/7/2021
EPI_ISL_3062004,USA,19/7/2021
EPI_ISL_3058065,Netherlands,9/7/2021
EPI_ISL_3067735,Mexico,13/7/2021
EPI_ISL_3063731,USA,7/7/2021
EPI_ISL_3073492,Denmark,21/7/2021
EPI_ISL_3060396,India,15/6/2021
EPI_ISL_3070035,England,15/7/2021
EPI_ISL_3069780,England,14/7/2021
EPI_ISL_3071700,Portugal,10/7/2021
EPI_ISL_3073787,Denmark,19/7/2021
EPI_ISL_3072399,Brazil,29/6/2021
EPI_ISL_3070320,England,10/7/2021
EPI_ISL_3069495,England,15/7/2021
EPI_ISL_3073954,South Africa,28/6/2021
EPI_ISL_3073999,South Africa,28/6/2021
EPI_ISL_3069773,England,17/7/2021
EPI_ISL_3057716,Netherlands,5/7/2021
EPI_ISL_3069458,England,16/7/2021
EPI_ISL_3064361,USA,11/7/2021
EPI_ISL_3060365,Spain,18/7/2021
EPI_ISL_3061450,Slovenia,7/7/2021
EPI_ISL_3065454,USA,10/7/2021
EPI_ISL_3072354,Denmark,21/7/2021
EPI_ISL_3058096,Sint Maarten,15/7/2021
EPI_ISL_3071920,USA,15/7/2021
EPI_ISL_3057728,Netherlands,5/7/2021
EPI_ISL_3069466,England,15/7/2021
EPI_ISL_3068353,Italy,16/7/2021
EPI_ISL_3057403,Netherlands,9/7/2021
EPI_ISL_3058383,Ireland,7/7/2021
EPI_ISL_3061996,USA,20/7/2021
EPI_ISL_3073774,Denmark,20/7/2021
EPI_ISL_3072655,Denmark,19/7/2021
EPI_ISL_3068547,Italy,16/7/2021
EPI_ISL_3057217,Netherlands,4/7/2021
EPI_ISL_3069272,England,15/7/2021
EPI_ISL_3072886,Denmark,20/7/2021
EPI_ISL_3060664,India,22/6/2021
EPI_ISL_3069159,England,16/7/2021
EPI_ISL_3068881,England,19/7/2021
EPI_ISL_3060889,India,28/6/2021
EPI_ISL_3072540,Denmark,19/7/2021
EPI_ISL_3061244,USA,15/7/2021
EPI_ISL_3057229,Netherlands,3/7/2021
EPI_ISL_3068579,Italy,14/7/2021
EPI_ISL_3065240,USA,2/7/2021
EPI_ISL_3064575,USA,10/7/2021
EPI_ISL_3060571,India,25/6/2021
EPI_ISL_3068652,England,18/7/2021
EPI_ISL_3069167,England,17/7/2021
EPI_ISL_3066834,India,25/4/2021
EPI_ISL_3062830,USA,14/7/2021
EPI_ISL_3072490,Denmark,19/7/2021
EPI_ISL_3058479,Ireland,8/7/2021
EPI_ISL_3063006,Italy,7/7/2021
EPI_ISL_3068951,England,17/7/2021
EPI_ISL_3060959,Belgium,19/7/2021
EPI_ISL_3068782,England,19/7/2021
EPI_ISL_3070702,England,14/7/2021
EPI_ISL_3061394,Slovenia,5/7/2021
EPI_ISL_3070429,England,14/7/2021
EPI_ISL_3065390,USA,7/7/2021
EPI_ISL_3062426,Italy,18/7/2021
EPI_ISL_3066422,India,30/5/2021
EPI_ISL_3058447,Ireland,9/7/2021
EPI_ISL_3060967,Belgium,17/7/2021
EPI_ISL_3072785,Denmark,19/7/2021
EPI_ISL_3065085,USA,25/6/2021
EPI_ISL_3061081,Switzerland,10/7/2021
EPI_ISL_3069089,England,17/7/2021
EPI_ISL_3072956,Denmark,21/7/2021
EPI_ISL_3070417,Wales,14/7/2021
EPI_ISL_3068497,Italy,11/7/2021
EPI_ISL_3071322,Portugal,11/7/2021
EPI_ISL_3071536,Portugal,9/7/2021
EPI_ISL_3070203,England,10/7/2021
EPI_ISL_3068283,Italy,16/7/2021
EPI_ISL_3007383,USA,30/6/2021
EPI_ISL_3073877,USA,13/7/2021
EPI_ISL_3070128,England,11/7/2021
EPI_ISL_3061695,Croatia,28/6/2021
EPI_ISL_3072191,Brazil,28/6/2021
EPI_ISL_3067628,USA,7/7/2021
EPI_ISL_3058178,Croatia,10/6/2021
EPI_ISL_3062119,USA,13/7/2021
EPI_ISL_3061846,Belgium,20/7/2021
EPI_ISL_3067503,USA,8/7/2021
EPI_ISL_3063507,USA,10/7/2021
EPI_ISL_3071508,Portugal,11/7/2021
EPI_ISL_3069588,England,15/7/2021
EPI_ISL_3061580,USA,2/6/2021
EPI_ISL_3065584,USA,6/7/2021
EPI_ISL_3071623,Portugal,12/7/2021
EPI_ISL_3070116,England,11/7/2021
EPI_ISL_3073849,Denmark,18/7/2021
EPI_ISL_3069870,England,16/7/2021
EPI_ISL_3061878,Brazil,12/3/2021
EPI_ISL_3057815,Netherlands,8/7/2021
EPI_ISL_3063612,USA,8/7/2021
EPI_ISL_3058146,Croatia,14/6/2021
EPI_ISL_3067616,USA,4/7/2021
EPI_ISL_3062127,USA,12/7/2021
EPI_ISL_3063539,USA,10/7/2021
EPI_ISL_3072284,Brazil,28/6/2021
EPI_ISL_3072604,Brazil,30/6/2021
EPI_ISL_3076600,Japan,10/7/2021
EPI_ISL_3060635,India,22/6/2021
EPI_ISL_3069108,England,16/7/2021
EPI_ISL_3071188,Portugal,10/7/2021
EPI_ISL_3065104,USA,27/6/2021
EPI_ISL_3061100,Switzerland,17/7/2021
EPI_ISL_3069223,England,16/7/2021
EPI_ISL_3070596,England,14/7/2021
EPI_ISL_3068516,Italy,15/7/2021
EPI_ISL_3057246,Netherlands,5/7/2021
EPI_ISL_3072511,Brazil,27/6/2021
EPI_ISL_3062599,Netherlands,17/7/2021
EPI_ISL_3070850,Sri Lanka,29/6/2021
EPI_ISL_3063187,Czech Republic,29/6/2021
EPI_ISL_3069136,England,14/7/2021
EPI_ISL_3068603,England,19/7/2021
EPI_ISL_3057153,Netherlands,2/7/2021
EPI_ISL_3070683,England,14/7/2021
EPI_ISL_3007428,USA,5/7/2021
EPI_ISL_3060520,India,16/6/2021
EPI_ISL_3061215,Norway,18/7/2021
EPI_ISL_3065211,USA,25/6/2021
EPI_ISL_3057278,Netherlands,7/7/2021
EPI_ISL_3068528,Italy,16/7/2021
EPI_ISL_3065405,USA,12/7/2021
EPI_ISL_3071489,Portugal,12/7/2021
EPI_ISL_3069409,England,15/7/2021
EPI_ISL_3060334,Spain,12/7/2021
EPI_ISL_3067944,Mexico,2/7/2021
EPI_ISL_3057747,Netherlands,6/7/2021
EPI_ISL_3070097,England,11/7/2021
EPI_ISL_3069722,England,15/7/2021
EPI_ISL_3063793,Spain,21/6/2021
EPI_ISL_3067797,Mexico,13/7/2021
EPI_ISL_3071971,USA,17/7/2021
EPI_ISL_3072305,Brazil,28/6/2021
EPI_ISL_3070382,England,14/7/2021
EPI_ISL_3057452,Netherlands,30/6/2021
EPI_ISL_3069437,England,16/7/2021
EPI_ISL_3057779,Netherlands,5/7/2021
EPI_ISL_3061714,Croatia,28/6/2021
EPI_ISL_3060021,Lithuania,9/7/2021
EPI_ISL_3073725,Denmark,20/7/2021
EPI_ISL_3073826,Denmark,18/7/2021
EPI_ISL_3070179,England,10/7/2021
EPI_ISL_3070252,England,10/7/2021
EPI_ISL_3071567,Portugal,13/7/2021
EPI_ISL_3058202,France,24/6/2021
EPI_ISL_3063556,USA,9/7/2021
EPI_ISL_3062148,USA,1/7/2021
EPI_ISL_3067679,Mexico,23/6/2021
EPI_ISL_3058129,Croatia,9/6/2021
EPI_ISL_3061817,Croatia,29/6/2021
EPI_ISL_3070147,England,11/7/2021
EPI_ISL_3071672,Portugal,11/7/2021
EPI_ISL_3073818,Denmark,20/7/2021
EPI_ISL_3067894,Mexico,4/7/2021
EPI_ISL_3071559,Portugal,12/7/2021
EPI_ISL_3063568,USA,9/7/2021
EPI_ISL_3061829,Croatia,1/7/2021
EPI_ISL_3057844,Netherlands,5/7/2021
EPI_ISL_3069821,England,16/7/2021
EPI_ISL_3063643,USA,8/7/2021
EPI_ISL_3067647,USA,10/7/2021
EPI_ISL_3063057,USA,8/7/2021
EPI_ISL_3062762,USA,12/7/2021
EPI_ISL_3060908,India,19/6/2021
EPI_ISL_3068900,England,16/7/2021
EPI_ISL_3067378,USA,16/7/2021
EPI_ISL_3058428,Ireland,8/7/2021
EPI_ISL_3062449,USA,7/7/2021
EPI_ISL_3070478,England,14/7/2021
EPI_ISL_3072939,Denmark,20/7/2021
EPI_ISL_3070753,Wales,12/7/2021
EPI_ISL_3060936,Belgium,19/7/2021
EPI_ISL_3064932,USA,13/7/2021
EPI_ISL_3063069,USA,9/7/2021
EPI_ISL_3058416,Ireland,8/7/2021
EPI_ISL_3062477,USA,30/6/2021
EPI_ISL_3070446,England,14/7/2021
EPI_ISL_3071058,Indonesia,10/4/2021
EPI_ISL_3072907,Denmark,18/7/2021
EPI_ISL_3083472,Wales,14/7/2021
EPI_ISL_3087476,Singapore,20/7/2021
EPI_ISL_3082347,Wales,11/7/2021
EPI_ISL_3083759,England,14/7/2021
EPI_ISL_3073051,Denmark,18/7/2021
EPI_ISL_3081933,Wales,10/7/2021
EPI_ISL_3078906,England,29/6/2021
EPI_ISL_3090063,USA,12/7/2021
EPI_ISL_3072989,Denmark,21/7/2021
EPI_ISL_3073344,Denmark,20/7/2021
EPI_ISL_3087448,Singapore,20/7/2021
EPI_ISL_3082379,Wales,12/7/2021
EPI_ISL_3089905,Canada,2021-07-00
EPI_ISL_3078938,England,5/11/2020
EPI_ISL_3087763,Germany,28/5/2021
EPI_ISL_3083767,Wales,15/7/2021
EPI_ISL_3082052,Wales,13/7/2021
EPI_ISL_3082646,Wales,10/7/2021
EPI_ISL_3087177,USA,2/7/2021
EPI_ISL_3083173,Wales,13/7/2021
EPI_ISL_3088824,USA,16/7/2021
EPI_ISL_3079819,England,9/7/2021
EPI_ISL_3077554,England,12/7/2021
EPI_ISL_3083258,Wales,14/7/2021
EPI_ISL_3082895,Wales,11/7/2021
EPI_ISL_3086891,Indonesia,23/6/2021
EPI_ISL_3079827,England,7/7/2021
EPI_ISL_3080812,Northern Ireland,15/7/2021
EPI_ISL_3082678,Wales,13/7/2021
EPI_ISL_3077641,England,11/7/2021
EPI_ISL_3087149,Spain,14/7/2021
EPI_ISL_3082553,Wales,5/7/2021
EPI_ISL_3083266,Wales,14/7/2021
EPI_ISL_3087262,Belgium,13/7/2021
EPI_ISL_3077892,England,11/7/2021
EPI_ISL_3082483,Wales,12/7/2021
EPI_ISL_3077791,England,11/7/2021
EPI_ISL_3087099,Spain,16/7/2021
EPI_ISL_3077942,England,9/7/2021
EPI_ISL_3081024,England,19/7/2021
EPI_ISL_3079724,England,6/7/2021
EPI_ISL_3080711,Northern Ireland,14/7/2021
EPI_ISL_3088432,USA,9/7/2021
EPI_ISL_3089307,Canada,2021-06-00
EPI_ISL_3083388,Wales,13/7/2021
EPI_ISL_3077484,England,11/7/2021
EPI_ISL_3082796,Wales,8/7/2021
EPI_ISL_3086792,India,1/6/2021
EPI_ISL_3089012,USA,16/7/2021
EPI_ISL_3082945,Wales,7/7/2021
EPI_ISL_3086941,DRC,2021-00-00
EPI_ISL_3078304,England,17/7/2021
EPI_ISL_3081331,England,26/6/2021
EPI_ISL_3079431,England,6/7/2021
EPI_ISL_3080404,Northern Ireland,11/7/2021
EPI_ISL_3089339,Canada,2021-04-00
EPI_ISL_3080210,England,7/7/2021
EPI_ISL_3088218,Ireland,2/7/2021
EPI_ISL_3081525,Wales,7/7/2021
EPI_ISL_3078510,England,9/7/2021
EPI_ISL_3087860,Spain,11/6/2021
EPI_ISL_3083864,Wales,17/7/2021
EPI_ISL_3089606,Canada,2021-07-00
EPI_ISL_3088133,Ireland,12/7/2021
EPI_ISL_3082182,Wales,12/7/2021
EPI_ISL_3087598,Kuwait,1/7/2021
EPI_ISL_3073294,Denmark,18/7/2021
EPI_ISL_3089513,Canada,2021-07-00
EPI_ISL_3088226,Ireland,5/7/2021
EPI_ISL_3089638,Canada,2021-07-00
EPI_ISL_3084101,England,15/7/2021
EPI_ISL_3080105,England,8/7/2021
EPI_ISL_3081630,Wales,7/7/2021
EPI_ISL_3083689,Wales,14/7/2021
EPI_ISL_3073181,Denmark,21/7/2021
EPI_ISL_3082297,Wales,10/7/2021
EPI_ISL_3083209,Wales,12/7/2021
EPI_ISL_3077505,England,12/7/2021
EPI_ISL_3087126,Spain,16/7/2021
EPI_ISL_3083122,Wales,13/7/2021
EPI_ISL_3082617,Wales,5/7/2021
EPI_ISL_3079848,England,7/7/2021
EPI_ISL_3089193,USA,12/7/2021
EPI_ISL_3080585,Northern Ireland,13/7/2021
EPI_ISL_3078285,England,18/7/2021
EPI_ISL_3083237,Wales,13/7/2021
EPI_ISL_3087233,USA,3/11/2020
EPI_ISL_3082502,Wales,12/7/2021
EPI_ISL_3079876,England,7/7/2021
EPI_ISL_3080843,Northern Ireland,17/7/2021
EPI_ISL_3077610,England,11/7/2021
EPI_ISL_3087118,Spain,16/7/2021
EPI_ISL_3082629,Wales,5/7/2021
EPI_ISL_3080690,Northern Ireland,14/7/2021
EPI_ISL_3078190,England,17/7/2021
EPI_ISL_3089286,Canada,2021-06-00
EPI_ISL_3089492,Canada,2021-07-00
EPI_ISL_3078784,England,18/7/2021
EPI_ISL_3084080,Wales,16/7/2021
EPI_ISL_3080084,England,2021-00-00
EPI_ISL_3076731,Spain,20/7/2021
EPI_ISL_3083708,England,14/7/2021
EPI_ISL_3073000,Denmark,20/7/2021
EPI_ISL_3081962,Wales,7/7/2021
EPI_ISL_3078957,England,11/12/2020
EPI_ISL_3082316,England,10/7/2021
EPI_ISL_3083423,Wales,13/7/2021
EPI_ISL_3087427,Singapore,20/7/2021
EPI_ISL_3088399,USA,19/7/2021
EPI_ISL_3078491,England,16/7/2021
EPI_ISL_3080391,Northern Ireland,11/7/2021
EPI_ISL_3090032,Uruguay,27/1/2021
EPI_ISL_3089787,Canada,2021-07-00
EPI_ISL_3078969,England,30/11/2020
EPI_ISL_3089954,Canada,2021-07-00
EPI_ISL_3082003,Wales,11/7/2021
EPI_ISL_3087732,Germany,12/5/2021
EPI_ISL_3083736,England,13/7/2021
EPI_ISL_3082328,Wales,10/7/2021
EPI_ISL_3087419,Singapore,19/7/2021
EPI_ISL_3073315,Denmark,19/7/2021
EPI_ISL_3083835,Wales,17/7/2021
EPI_ISL_3088162,Ireland,28/6/2021
EPI_ISL_3089657,Canada,2021-07-00
EPI_ISL_3088249,Ireland,6/7/2021
EPI_ISL_3081574,Wales,7/7/2021
EPI_ISL_3080241,England,13/7/2021
EPI_ISL_3079274,England,9/7/2021
EPI_ISL_3089884,Canada,2021-07-00
EPI_ISL_3081661,Wales,7/7/2021
EPI_ISL_3078654,England,18/7/2021
EPI_ISL_3084150,Wales,13/7/2021
EPI_ISL_3089669,Canada,2021-07-00
EPI_ISL_3080154,England,2021-00-00
EPI_ISL_3088277,Ireland,6/7/2021
EPI_ISL_3089542,Canada,2021-07-00
EPI_ISL_3078887,England,17/11/2020
EPI_ISL_3080993,England,17/7/2021
EPI_ISL_3089356,Canada,2021-06-00
EPI_ISL_3088463,USA,15/7/2021
EPI_ISL_3077913,England,10/7/2021
EPI_ISL_3079775,England,8/7/2021
EPI_ISL_3080740,Northern Ireland,14/7/2021
EPI_ISL_3081075,England,14/7/2021
EPI_ISL_3079998,England,12/7/2021
EPI_ISL_3079460,England,8/7/2021
EPI_ISL_3080455,Northern Ireland,11/7/2021
EPI_ISL_3089368,Canada,2021-06-00
EPI_ISL_3078355,England,15/7/2021
EPI_ISL_3081360,England,29/6/2021
EPI_ISL_3089043,Belgium,11/7/2021
EPI_ISL_3082914,Wales,12/7/2021
EPI_ISL_3086910,DRC,2021-00-00
EPI_ISL_3081086,England,21/7/2021
EPI_ISL_3079786,England,7/7/2021
EPI_ISL_3088490,USA,5/7/2021
EPI_ISL_3078398,England,16/7/2021
EPI_ISL_3080498,Northern Ireland,12/7/2021
EPI_ISL_3082421,Wales,13/7/2021
EPI_ISL_3087310,Belgium,13/7/2021
EPI_ISL_3083314,Wales,13/7/2021
