Accession_ID,Country,Date,
EPI_ISL_10497966,USA,2022/1/25,
EPI_ISL_10497963,USA,2022/1/25,
EPI_ISL_10497967,USA,2022/1/25,
EPI_ISL_10506234,Denmark,2022/2/21,
EPI_ISL_10246626,Montenegro,2022/1/14,
EPI_ISL_10246625,Montenegro,2022/1/14,
EPI_ISL_10485469,Switzerland,2022/2/15,
EPI_ISL_10493803,Switzerland,2022/2/7,
EPI_ISL_10493804,Switzerland,2022/2/8,
EPI_ISL_10506228,Denmark,2022/2/17,
EPI_ISL_10497980,USA,2022/1/25,
EPI_ISL_10497992,USA,2022/1/25,
EPI_ISL_10497988,USA,2022/1/25,
EPI_ISL_10497986,USA,2022/1/25,
EPI_ISL_10497987,USA,2022/1/25,
EPI_ISL_10497979,Puerto Rico,2022/1/25,
EPI_ISL_10497984,USA,2022/1/25,
EPI_ISL_10497985,Puerto Rico,2022/1/25,
EPI_ISL_10497991,USA,2022/1/25,
EPI_ISL_10498019,USA,2022/1/26,
EPI_ISL_10497978,USA,2022/1/25,
EPI_ISL_10498013,USA,2022/1/26,
EPI_ISL_10498003,USA,2022/1/25,
EPI_ISL_10498004,USA,2022/1/25,
EPI_ISL_10497998,USA,2022/1/25,
EPI_ISL_10498005,Puerto Rico,2022/1/25,
EPI_ISL_10498011,USA,2022/1/26,
EPI_ISL_10497993,USA,2022/1/25,
EPI_ISL_10498002,USA,2022/1/25,
EPI_ISL_10498012,USA,2022/1/26,
EPI_ISL_10497997,Puerto Rico,2022/1/25,
EPI_ISL_10497994,USA,2022/1/25,
EPI_ISL_10498010,USA,2022/1/26,
EPI_ISL_10498001,USA,2022/1/25,
EPI_ISL_10498009,USA,2022/1/26,
EPI_ISL_10498000,USA,2022/1/25,
EPI_ISL_10497995,USA,2022/1/25,
EPI_ISL_10498006,USA,2022/1/25,
EPI_ISL_10497999,USA,2022/1/25,
EPI_ISL_10498007,USA,2022/1/25,
EPI_ISL_10498008,USA,2022/1/26,
EPI_ISL_10497996,USA,2022/1/25,
EPI_ISL_10498022,USA,2022/1/26,
EPI_ISL_10498020,USA,2022/1/26,
EPI_ISL_10497302,Pakistan,2022/2/16,
EPI_ISL_10498015,USA,2022/1/26,
EPI_ISL_10498014,USA,2022/1/26,
EPI_ISL_10498016,USA,2022/1/26,
EPI_ISL_10498033,USA,2022/1/26,
EPI_ISL_10497304,Pakistan,2022/2/17,
EPI_ISL_10498038,USA,2022/1/26,
EPI_ISL_10498042,USA,2022/1/27,
EPI_ISL_10498041,USA,2022/1/27,
EPI_ISL_10496627,New Caledonia,2022/2/6,
EPI_ISL_10498037,USA,2022/1/26,
EPI_ISL_10498021,USA,2022/1/26,
EPI_ISL_10498017,USA,2022/1/26,
EPI_ISL_10505133,England,2022-00-00,
EPI_ISL_10498039,USA,2022/1/26,
EPI_ISL_10498040,USA,2022/1/26,
EPI_ISL_10498018,USA,2022/1/26,
EPI_ISL_10498036,USA,2022/1/26,
EPI_ISL_10498026,USA,2022/1/26,
EPI_ISL_10496631,NewCaledonia,2022/1/27,
EPI_ISL_10497303,Pakistan,2022/2/17,
EPI_ISL_10498035,USA,2022/1/26,
EPI_ISL_10498032,USA,2022/1/26,
EPI_ISL_10496626,New Caledonia,2022/1/3,
EPI_ISL_10498024,USA,2022/1/26,
EPI_ISL_10498029,USA,2022/1/26,
EPI_ISL_10498031,USA,2022/1/26,
EPI_ISL_10498027,USA,2022/1/26,
EPI_ISL_10498028,USA,2022/1/26,
EPI_ISL_10498025,USA,2022/1/26,
EPI_ISL_10498046,USA,2022/1/27,
EPI_ISL_10498057,USA,2022/1/27,
EPI_ISL_10498023,USA,2022/1/26,
EPI_ISL_10498034,USA,2022/1/26,
EPI_ISL_10498030,USA,2022/1/26,
EPI_ISL_10498047,USA,2022/1/27,
EPI_ISL_10498044,USA,2022/1/27,
EPI_ISL_10498058,USA,2022/1/27,
EPI_ISL_10498055,USA,2022/1/27,
EPI_ISL_10498052,USA,2022/1/27,
EPI_ISL_10498043,USA,2022/1/27,
EPI_ISL_10498054,USA,2022/1/27,
EPI_ISL_10498051,USA,2022/1/27,
EPI_ISL_10498059,USA,2022/1/27,
EPI_ISL_10498048,USA,2022/1/27,
EPI_ISL_10498049,USA,2022/1/27,
EPI_ISL_10498060,USA,2022/1/27,
EPI_ISL_10498066,USA,2022/1/28,
EPI_ISL_10498062,USA,2022/1/27,
EPI_ISL_10498065,USA,2022/1/28,
EPI_ISL_10498050,USA,2022/1/27,
EPI_ISL_10498056,USA,2022/1/27,
EPI_ISL_10498064,USA,2022/1/28,
EPI_ISL_10498069,USA,2022/1/31,
EPI_ISL_10498053,USA,2022/1/27,
EPI_ISL_10506222,Denmark,2022/2/20,
EPI_ISL_10498063,USA,2022/1/27,
EPI_ISL_10498071,USA,2022/1/31,
EPI_ISL_10498061,USA,2022/1/27,
EPI_ISL_10506490,England,2022/1/13,
EPI_ISL_10506223,Denmark,2022/2/20,
EPI_ISL_10498070,USA,2022/1/31,
EPI_ISL_10505323,Poland,2022/2/11,
EPI_ISL_10506245,Denmark,2022/2/18,
EPI_ISL_10498068,USA,2022/1/31,
EPI_ISL_10505139,England,2022/2/13,
EPI_ISL_10498067,USA,2022/1/28,
EPI_ISL_10506234,Denmark,2022/2/21,
EPI_ISL_10246626,Montenegro,2022/1/14,
EPI_ISL_10246625,Montenegro,2022/1/14,
EPI_ISL_10485469,Switzerland,2022/2/15,
EPI_ISL_10493803,Switzerland,2022/2/7,
EPI_ISL_10493804,Switzerland,2022/2/8,
EPI_ISL_10506228,Denmark,2022/2/17,
EPI_ISL_10484936,Switzerland,2022/2/16,
EPI_ISL_10483608,Switzerland,2022/2/11,
EPI_ISL_10484819,Switzerland,2022/2/17,
EPI_ISL_10506240,England,2022-00-00,
EPI_ISL_10485227,Switzerland,2022/2/15,
EPI_ISL_10483728,Switzerland,2022/2/16,
EPI_ISL_10485476,Switzerland,2022/2/15,
EPI_ISL_10484811,Switzerland,2022/2/17,
EPI_ISL_10484256,Switzerland,2022/2/17,
EPI_ISL_10483841,Switzerland,2022/2/14,
EPI_ISL_10484136,Switzerland,2022/2/18,
EPI_ISL_10505329,Poland,2022/2/17,
EPI_ISL_10504500,India,2022/1/17,
EPI_ISL_10506242,England,2022/1/30,
EPI_ISL_10483674,Switzerland,2022/2/13,
EPI_ISL_10483708,Switzerland,2022/2/16,
EPI_ISL_10484118,Switzerland,2022/2/18,
EPI_ISL_10484918,Switzerland,2022/2/18,
EPI_ISL_10483826,Switzerland,2022/2/14,
EPI_ISL_10483825,Switzerland,2022/2/13,
EPI_ISL_10483821,Switzerland,2022/2/13,
EPI_ISL_10483836,Switzerland,2022/2/14,
EPI_ISL_10485688,Switzerland,2022/2/14,
EPI_ISL_10485454,Switzerland,2022/2/14,
EPI_ISL_10485112,Switzerland,2022/2/14,
EPI_ISL_10485475,Switzerland,2022/2/16,
EPI_ISL_10485352,Switzerland,2022/2/15,
EPI_ISL_10485212,Switzerland,2022/2/16,
EPI_ISL_10505325,Poland,2022/2/17,
EPI_ISL_10505332,Poland,2022/2/6,
EPI_ISL_10485474,Switzerland,2022/2/14,
EPI_ISL_10485872,Switzerland,2022/2/13,
EPI_ISL_10497542,Poland,2022/2/12,
EPI_ISL_10485473,Switzerland,2022/2/14,
EPI_ISL_10485461,Switzerland,2022/2/14,
EPI_ISL_10483292,Switzerland,2022/2/15,
EPI_ISL_10484488,Switzerland,2022/2/17,
EPI_ISL_10506236,Denmark,2022/2/20,
EPI_ISL_10483952,Switzerland,2022/2/14,
EPI_ISL_10484007,Switzerland,2022/2/14,
EPI_ISL_10485077,Switzerland,2022/2/14,
EPI_ISL_10485335,Switzerland,2022/2/15,
EPI_ISL_10485459,Switzerland,2022/2/14,
EPI_ISL_10506257,Denmark,2022/2/18,
EPI_ISL_10506238,England,2022-00-00,
EPI_ISL_10484802,Switzerland,2022/2/17,
EPI_ISL_10485505,Switzerland,2022/2/14,
EPI_ISL_10483556,Switzerland,2022/2/11,
EPI_ISL_10485456,Switzerland,2022/2/14,
EPI_ISL_10485462,Switzerland,2022/2/12,
EPI_ISL_10485458,Switzerland,2022/2/14,
EPI_ISL_10483830,Switzerland,2022/2/14,
EPI_ISL_10485457,Switzerland,2022/2/14,
EPI_ISL_10485582,Switzerland,2022/2/14,
EPI_ISL_10485465,Switzerland,2022/2/9,
EPI_ISL_10484370,Switzerland,2022/2/18,
EPI_ISL_10483423,Switzerland,2022/2/16,
EPI_ISL_10484982,Switzerland,2022/2/16,
EPI_ISL_10485460,Switzerland,2022/2/18,
EPI_ISL_10483689,Switzerland,2022/2/13,
EPI_ISL_10483789,Switzerland,2022/2/17,
EPI_ISL_10485723,Switzerland,2022/2/12,
EPI_ISL_10485721,Switzerland,2022/2/14,
EPI_ISL_10485020,Switzerland,2022/2/14,
EPI_ISL_10483747,Switzerland,2022/2/14,
EPI_ISL_10484290,Switzerland,2022/2/18,
EPI_ISL_10505330,Poland,2022/2/6,
EPI_ISL_10506248,Denmark,2022/2/22,
EPI_ISL_10483867,Switzerland,2022/2/13,
EPI_ISL_10506263,Denmark,2022/2/14,
EPI_ISL_10485729,Switzerland,2022/2/14,
EPI_ISL_10485297,Switzerland,2022/2/14,
EPI_ISL_10484506,Switzerland,2022/2/17,
EPI_ISL_10483854,Switzerland,2022/2/14,
EPI_ISL_10484275,Switzerland,2022/2/18,
EPI_ISL_10506250,Denmark,2022/2/18,
EPI_ISL_10497482,Poland,2022/2/9,
EPI_ISL_10505334,Poland,2022/2/3,
EPI_ISL_10506262,Denmark,2022/2/21,
EPI_ISL_10497517,Poland,2022/2/7,
EPI_ISL_10505954,England,2022/2/12,
