proteinName,position,count,lowSupport,entropy,indexSequence,index.incidence,major.incidence,minor.incidence,unique.incidence,totalVariants.incidence,distinctVariant.incidence,multiIndex,host
core,1,4214,FALSE,1.967407446,MSTNPKPQR,60.6075,27.717134,9.99050768,1.684859891,39.3925,7.8915663,FALSE,human
core,2,4218,FALSE,2.6141153,STNPKPQRK,55.31057,21.834993,20.27027036,2.584163171,44.689426,9.761273,FALSE,human
core,3,4289,FALSE,2.610324133,TNPKPQRKT,55.49079,21.520168,20.33107985,2.657962212,44.50921,10.162389,FALSE,human
core,4,4292,FALSE,2.963772525,NPKPQRKTK,52.562912,20.666357,23.69524707,3.075489252,47.43709,11.100196,FALSE,human
core,5,4424,FALSE,1.92551004,PKPQRKTKR,76.243225,7.617541,13.74321898,2.39602188,23.75678,16.745956,FALSE,human
core,6,4441,FALSE,1.899033998,KPQRKTKRN,76.44675,7.7460027,13.44291839,2.36433246,23.553253,16.347992,FALSE,human
core,7,4440,FALSE,1.926675686,PQRKTKRNT,75.74325,7.7927923,14.32432448,2.13963978,24.256758,15.413184,FALSE,human
core,8,4506,FALSE,2.969552944,QRKTKRNTN,57.545494,14.403018,25.21083015,2.840657024,42.454506,12.232097,FALSE,human
core,9,4564,FALSE,2.933509326,RKTKRNTNR,57.69062,14.636284,24.80280426,2.870289124,42.309376,12.0145,FALSE,human
core,10,4621,FALSE,2.949960144,KTKRNTNRR,57.368534,14.888552,24.90802874,2.834884278,42.631466,11.624365,FALSE,human
core,11,4682,FALSE,2.348481331,TKRNTNRRP,63.477146,16.146946,18.4109348,1.964972156,36.522854,10,FALSE,human
core,12,4748,FALSE,2.878790561,KRNTNRRPQ,55.117947,15.332772,27.46419586,2.085088401,44.882057,9.103707,FALSE,human
core,13,4772,FALSE,2.650859132,RNTNRRPQD,58.172672,14.606035,25.54484538,1.67644592,41.827328,8.316633,FALSE,human
core,14,4878,FALSE,2.665171707,NTNRRPQDV,57.933582,13.714637,26.67076655,1.68101681,42.06642,7.94347,FALSE,human
core,15,5103,FALSE,2.714183912,TNRRPQDVK,57.88752,13.031549,27.31726444,1.76366844,42.11248,7.910656,FALSE,human
core,16,5127,FALSE,2.545496682,NRRPQDVKF,58.86483,13.711722,25.92159118,1.501852968,41.13517,6.9701276,FALSE,human
core,17,5207,FALSE,1.530978133,RRPQDVKFP,77.01172,9.141541,12.80967948,1.037065464,22.988285,8.103592,FALSE,human
core,18,5421,FALSE,1.536565536,RPQDVKFPG,77.107544,8.891349,13.07876813,0.922339,22.892456,7.8968577,FALSE,human
core,19,5440,FALSE,1.576336942,PQDVKFPGG,77.05882,8.860293,13.16176497,0.9191177,22.941177,7.852564,FALSE,human
core,20,5442,FALSE,1.585487138,QDVKFPGGG,76.90188,8.857038,13.10180089,1.139286952,23.098125,8.67144,FALSE,human
core,21,5457,FALSE,0.962692322,DVKFPGGGQ,87.99707,5.2593,5.515851198,1.227780829,12.002933,16.183207,FALSE,human
core,22,5465,FALSE,0.707376663,VKFPGGGQI,92.88198,1.5919487,4.336688007,1.189387095,7.118024,26.73522,FALSE,human
core,23,5474,FALSE,0.599562635,KFPGGGQIV,94.42821,0.8586044,3.544026397,1.169163328,5.5717936,34.42623,FALSE,human
core,24,5564,FALSE,0.535928311,FPGGGQIVG,95.34508,0.30553558,3.199137432,1.150251648,4.6549244,39.76834,FALSE,human
core,25,5569,FALSE,0.493373889,PGGGQIVGG,95.63656,0.30526128,2.891003745,1.16717549,4.3634405,41.563786,FALSE,human
core,26,5562,FALSE,0.498193276,GGGQIVGGV,95.59511,0.57533264,2.60697589,1.22258186,4.40489,42.040817,FALSE,human
core,27,5579,FALSE,0.484820778,GGQIVGGVY,95.69815,0.34056282,2.832048701,1.129234617,4.301846,40.833332,FALSE,human
core,28,5574,FALSE,1.245241708,GQIVGGVYL,73.32257,22.246143,2.96017221,1.471115834,26.67743,8.06994,FALSE,human
core,29,5585,FALSE,1.358702201,QIVGGVYLL,72.35452,22.291853,3.88540731,1.468218446,27.645477,8.095856,FALSE,human
core,30,5587,FALSE,1.301733961,IVGGVYLLP,72.81188,22.355469,3.43654908,1.396098132,27.188116,7.9657664,FALSE,human
core,31,5585,FALSE,1.263845931,VGGVYLLPR,73.14234,22.327663,3.133393,1.396598034,26.857653,7.9333334,FALSE,human
core,32,5586,FALSE,1.251477354,GGVYLLPRR,73.165054,22.413176,3.132832055,1.288936584,26.834944,7.338226,FALSE,human
core,33,5585,FALSE,1.245526228,GVYLLPRRG,73.26768,22.381378,3.151298128,1.199641901,26.732319,6.965841,FALSE,human
core,34,5589,FALSE,1.299493059,VYLLPRRGP,73.16157,21.5781,4.025764762,1.234567872,26.838434,7.133333,FALSE,human
core,35,5584,FALSE,1.607469526,YLLPRRGPR,69.78868,20.630373,8.166189074,1.41475649,30.211317,7.5281568,FALSE,human
core,36,5589,FALSE,1.726287188,LLPRRGPRL,68.18751,20.486671,9.787081648,1.538736768,31.812489,7.817773,FALSE,human
core,37,5595,FALSE,1.001505044,LPRRGPRLG,88.739944,3.2350314,6.720285931,1.304736373,11.260054,18.412699,FALSE,human
core,38,5597,FALSE,0.935451677,PRRGPRLGV,89.3693,3.3232088,6.0925496,1.214936688,10.630694,17.815126,FALSE,human
core,39,5595,FALSE,1.065630878,RRGPRLGVR,87.93565,3.3065238,7.542448664,1.215370868,12.0643425,16.296295,FALSE,human
core,40,5596,FALSE,1.243593084,RGPRLGVRA,85.16798,3.3416727,10.22158686,1.268763468,14.832023,13.9759035,FALSE,human
core,41,5591,FALSE,1.961510773,GPRLGVRAT,74.602036,4.2031837,19.47773183,1.717045248,25.397963,10.985915,FALSE,human
core,42,5585,FALSE,1.965829364,PRLGVRATR,74.395706,4.2076993,19.67770839,1.718889888,25.6043,10.699301,FALSE,human
core,43,5586,FALSE,1.904026349,RLGVRATRK,74.90154,4.4396706,19.01181531,1.646974524,25.098461,10.699001,FALSE,human
core,44,5626,FALSE,1.672889471,LGVRATRKT,77.79951,4.9057946,15.97938135,1.315321658,22.200499,10.328262,FALSE,human
core,45,5627,FALSE,1.550566581,GVRATRKTS,78.92305,4.922694,14.80362477,1.35063096,21.07695,10.708262,FALSE,human
core,46,5624,FALSE,1.579591721,VRATRKTSE,78.71622,4.907539,15.02489348,1.35135144,21.283785,10.776942,FALSE,human
core,47,5624,FALSE,1.590796203,RATRKTSER,78.76956,4.907539,15.00711244,1.31578956,21.230442,10.636516,FALSE,human
core,48,5631,FALSE,1.488795775,ATRKTSERS,79.91476,4.990233,13.83413246,1.260877285,20.085243,10.61008,FALSE,human
core,49,5631,FALSE,1.314546229,TRKTSERSQ,82.09909,5.061268,11.73859015,1.10104777,17.900906,11.210318,FALSE,human
core,50,5637,FALSE,0.604634218,RKTSERSQP,94.39418,0.76281714,3.973744968,0.869256717,5.6058187,29.746836,FALSE,human
core,51,5651,FALSE,0.615369254,KTSERSQPR,94.284195,0.7432313,4.317819913,0.654751408,5.7158027,26.934984,FALSE,human
core,52,5635,FALSE,0.904358701,TSERSQPRG,90.50577,2.8216503,5.927240512,0.745341618,9.494232,18.317757,FALSE,human
core,53,5597,FALSE,0.829280875,SERSQPRGR,91.19171,2.9480078,5.00268002,0.857602368,8.8082905,20.486814,FALSE,human
core,54,5594,FALSE,0.792202893,ERSQPRGRR,91.47301,2.949589,4.576331754,1.00107252,8.526994,22.012577,FALSE,human
core,55,5572,FALSE,0.796602341,RSQPRGRRQ,91.54702,2.9612348,4.325197419,1.166547005,8.452979,22.717623,FALSE,human
core,56,5570,FALSE,0.858605032,SQPRGRRQP,90.95152,2.9263914,4.829443464,1.292639112,9.048473,23.015873,FALSE,human
core,57,5566,FALSE,0.868240098,QPRGRRQPI,90.909096,2.9464607,4.886812858,1.25763568,9.090909,22.529644,FALSE,human
core,58,5567,FALSE,0.818833277,PRGRRQPIP,91.216095,2.9638944,4.562600994,1.25740972,8.783905,23.108383,FALSE,human
core,59,5570,FALSE,0.895304746,RGRRQPIPK,90.44883,2.9443448,5.439856321,1.166965865,9.551167,21.992481,FALSE,human
core,60,5559,FALSE,1.598718406,GRRQPIPKA,77.71182,9.444144,11.15308497,1.690951524,22.288181,12.348668,FALSE,human
core,61,5571,FALSE,1.350277141,RRQPIPKAR,80.75749,9.585353,8.059594277,1.597558811,19.242506,13.619404,FALSE,human
core,62,5562,FALSE,2.504548292,RQPIPKARR,54.530746,17.943186,25.24271861,2.283351415,45.469254,7.4337683,FALSE,human
core,63,5539,FALSE,3.72680707,QPIPKARRP,34.211952,16.753927,46.14551433,2.888608,65.78805,7.1075735,FALSE,human
core,64,5569,FALSE,4.205495011,PIPKARRPE,33.237564,15.388759,47.7823664,3.5913092,66.762436,9.144702,FALSE,human
core,65,5586,FALSE,4.193452046,IPKARRPEG,33.22592,15.341926,47.78016429,3.651986988,66.77408,9.061662,FALSE,human
core,66,5585,FALSE,4.270585621,PKARRPEGR,32.641003,15.255147,48.21844287,3.885407351,67.35899,9.463052,FALSE,human
core,67,5563,FALSE,5.138448466,KARRPEGRT,21.37336,13.71562,59.715982,5.195038857,78.62664,10.791038,FALSE,human
core,68,5564,FALSE,5.076214199,ARRPEGRTW,21.675053,13.767074,59.88497555,4.67289732,78.32494,9.981643,FALSE,human
core,69,5573,FALSE,4.928741621,RRPEGRTWA,22.357796,13.744842,59.75237731,4.144984536,77.642204,9.174948,FALSE,human
core,70,5570,FALSE,5.002219693,RPEGRTWAQ,22.351885,13.608618,59.87432631,4.165170472,77.64812,9.456647,FALSE,human
core,71,5600,FALSE,4.343590326,PEGRTWAQP,24.571428,17.482141,54.7321431,3.21428556,75.428566,7.339015,FALSE,human
core,72,5625,FALSE,3.446234419,EGRSWAQPG,29.866665,26.453335,41.31555697,2.364444474,70.13333,5.5006337,FALSE,human
core,73,5625,FALSE,3.044310889,GRSWAQPGY,32.835556,28,37.38666608,1.7777778,67.164444,4.4732666,FALSE,human
core,74,5628,FALSE,3.098603295,RSWAQPGYP,32.498222,27.914003,37.81094423,1.7768301,67.50178,4.632798,FALSE,human
core,75,5626,FALSE,2.983977807,SWAQPGYPW,32.669746,28.261644,37.4688944,1.59971553,67.33025,4.250264,FALSE,human
core,76,5641,FALSE,1.361465559,WAQPGYPWP,80.55309,8.012763,10.38822875,1.045913827,19.446907,9.206928,FALSE,human
core,77,5636,FALSE,1.401686598,AQPGYPWPL,80.127754,7.966643,10.75230684,1.1533002,19.87225,9.732142,FALSE,human
core,78,5628,FALSE,1.247860699,QPGYPWPLY,82.30277,7.960199,8.688699457,1.048329759,17.69723,9.638554,FALSE,human
core,79,5623,FALSE,0.727321935,PGYPWPLYG,92.10386,1.7250578,5.192957604,0.9781255,7.896141,20.27027,FALSE,human
core,80,5606,FALSE,0.762884012,GYPWPLYGN,91.99073,1.676775,5.351409299,0.981091705,8.009275,19.821825,FALSE,human
core,81,5600,FALSE,0.765830023,YPWPLYGNE,91.83929,1.6785715,5.446428636,1.035714236,8.160714,20.568928,FALSE,human
core,82,5603,FALSE,0.662934559,PWPLYGNEG,93.09299,1.7490629,4.24772457,0.910226733,6.907014,21.44703,FALSE,human
core,83,5577,FALSE,1.970029788,WPLYGNEGC,58.11368,17.625963,23.09485367,1.165501155,41.88632,4.7517123,FALSE,human
core,84,5575,FALSE,1.965175121,PLYGNEGCG,58.098656,17.578476,23.10313883,1.21973096,41.901344,5.094178,FALSE,human
core,85,5564,FALSE,1.988500707,LYGNEGCGW,57.85406,17.577284,23.34651275,1.222142376,42.14594,5.117271,FALSE,human
core,86,5494,FALSE,1.989590154,YGNEGCGWA,58.081543,17.437204,23.24353801,1.2377139,41.918457,5.1671734,FALSE,human
core,87,5488,FALSE,1.985116974,GNEGCGWAG,58.108597,17.510933,23.17784201,1.202624016,41.8914,5.263158,FALSE,human
core,88,5484,FALSE,1.86928021,NEGCGWAGW,58.24216,18.198395,22.37417962,1.18526629,41.75784,5.1091704,FALSE,human
core,89,5480,FALSE,1.895631645,EGCGWAGWL,58.102192,18.266422,22.44525606,1.18613131,41.897808,5.1829267,FALSE,human
core,90,5477,FALSE,1.910134029,GCGWAGWLL,57.8784,18.331203,22.69490569,1.0954902,42.121597,5.0715218,FALSE,human
core,91,5464,FALSE,1.905835823,CGWAGWLLS,58.07101,18.356516,22.30966257,1.26281109,41.92899,5.543431,FALSE,human
core,92,5475,FALSE,0.551993866,GWAGWLLSP,94.757996,0.6210046,3.726027455,0.894977209,5.242009,30.662022,FALSE,human
core,93,5423,FALSE,0.72221128,WAGWLLSPR,92.84529,1.641158,4.591554382,0.9219989,7.1547112,24.484535,FALSE,human
core,94,5422,FALSE,0.70399775,AGWLLSPRG,93.06529,1.6230173,4.426410792,0.885282144,6.9347105,25,FALSE,human
core,95,5421,FALSE,0.650339921,GWLLSPRGS,93.432945,1.60487,4.00295149,0.95923256,6.5670543,25.842697,FALSE,human
core,96,5417,FALSE,0.690507895,WLLSPRGSR,93.05889,1.606055,4.33819452,0.996861708,6.9411116,25,FALSE,human
core,97,5410,FALSE,0.701305882,LLSPRGSRP,92.92052,1.6266174,4.417744992,1.035120184,7.079482,25.587467,FALSE,human
core,98,5311,FALSE,1.626251952,LSPRGSRPS,74.71286,9.244964,14.64884165,1.39333453,25.28714,9.605361,FALSE,human
core,99,5275,FALSE,1.648506907,SPRGSRPSW,74.65403,9.308057,14.57819932,1.459715719,25.345972,9.648467,FALSE,human
core,100,5269,FALSE,1.677351637,PRGSRPSWG,74.18865,9.147846,15.20212627,1.461377995,25.81135,9.485294,FALSE,human
core,101,5251,FALSE,1.866516816,RGSRPSWGP,72.27195,9.007808,17.08246067,1.637783226,27.72805,9.821428,FALSE,human
core,102,5208,FALSE,2.977875773,GSRPSWGPT,37.250385,27.51536,33.21812566,2.01612894,62.74962,5.2937574,FALSE,human
core,103,5194,FALSE,2.968978561,SRPSWGPTD,37.11975,27.512514,33.07662769,2.291105096,62.88025,5.6950397,FALSE,human
core,104,5133,FALSE,2.928439152,RPSWGPTDP,37.424507,27.800507,32.51509813,2.259886944,62.57549,5.417186,FALSE,human
core,105,5054,FALSE,2.847014776,PSWGPTDPR,37.772064,28.096558,32.31104178,1.820340336,62.22794,4.483307,FALSE,human
core,106,4966,FALSE,3.258977514,SWGPTDPRR,32.09827,26.218283,39.7503025,1.933145472,67.90173,4.567023,FALSE,human
core,107,4882,FALSE,2.598435161,WGPTDPRRR,35.51823,35.354362,27.5092172,1.618189232,64.48177,4.0025415,FALSE,human
core,108,4877,FALSE,2.610815852,GPTDPRRRS,35.513638,35.247078,27.61943823,1.619848232,64.48637,3.974563,FALSE,human
core,109,4865,FALSE,2.582597648,PTDPRRRSR,35.601234,35.395683,27.50256871,1.500513832,64.398766,3.73444,FALSE,human
core,110,4819,FALSE,2.417165563,NDPRRRSRN,37.684166,35.941067,24.98443779,1.390329931,62.315834,3.5631034,FALSE,human
core,111,4802,FALSE,1.200110543,DPRRRSRNL,82.94461,7.3511033,8.683881591,1.020408144,17.055393,10.01221,FALSE,human
core,112,4796,FALSE,1.17986933,PRRRSRNLG,83.17348,7.3603005,8.402835932,1.063386159,16.826523,9.789343,FALSE,human
core,113,4758,FALSE,1.272827817,RRRSRNLGK,82.534676,6.200084,10.36149609,0.903741019,17.465322,9.145608,FALSE,human
core,114,4632,FALSE,1.379512625,RRSRNLGKV,81.19603,6.3471503,11.5284973,0.928324678,18.803972,9.299655,FALSE,human
core,115,4520,FALSE,0.945064316,RSRNLGKVI,88.07522,3.2079644,7.942477791,0.77433629,11.924779,12.615955,FALSE,human
core,116,4284,FALSE,0.790893393,SRNLGKVID,90.70962,2.6377218,5.975723784,0.67693743,9.290383,15.57789,FALSE,human
core,117,4227,FALSE,0.813379622,RNLGKVIDT,90.63165,2.6259758,6.05630462,0.68606576,9.368346,15.656565,FALSE,human
core,118,4141,FALSE,1.161523278,NLGKVIDTL,86.3801,2.7529583,10.11832888,0.748611467,13.619898,12.588653,FALSE,human
core,119,4026,FALSE,1.122752809,LGKVIDTLT,86.512665,2.8315947,9.93541972,0.72031795,13.487333,11.970534,FALSE,human
core,120,3968,FALSE,0.933234689,GKVIDTLTC,89.1129,2.998992,7.207661303,0.680443497,10.887096,13.425925,FALSE,human
core,121,3964,FALSE,0.93715693,KVIDTLTCG,88.975784,2.9767911,7.315842622,0.731584276,11.024218,13.729978,FALSE,human
core,122,3950,FALSE,1.127542146,VIDTLTCGF,86.07595,3.6962025,9.443038082,0.784810136,13.92405,12.363636,FALSE,human
core,123,3811,FALSE,1.043286276,IDTLTCGFA,87.19496,3.752296,8.29178729,0.760955157,12.805038,12.909836,FALSE,human
core,124,3802,FALSE,1.017667428,DTLTCGFAD,87.24356,3.7348762,8.285113195,0.736454488,12.756445,12.989691,FALSE,human
core,125,3765,FALSE,1.020589628,TLTCGFADL,87.197876,3.6653388,8.39309434,0.743691928,12.802126,12.655602,FALSE,human
core,126,3728,FALSE,1.209835219,LTCGFADLM,85.3809,3.6480687,10.00536513,0.96566526,14.619099,13.944954,FALSE,human
core,127,3730,FALSE,0.862161744,TCGFADLMG,90.402145,3.458445,5.522788317,0.616621973,9.597855,16.759777,FALSE,human
core,128,3612,FALSE,0.743857925,CGFADLMGY,91.417496,3.322259,4.734219286,0.526024367,8.582502,16.129032,FALSE,human
core,129,3537,FALSE,0.816434884,GFADLMGYI,90.67006,3.3361607,5.40005648,0.593723487,9.329941,16.666668,FALSE,human
core,130,3528,FALSE,0.816393724,FADLMGYIP,90.64626,3.373016,5.49886641,0.481859424,9.353742,15.757576,FALSE,human
core,131,3522,FALSE,1.389334792,ADLMGYIPL,74.50312,17.603634,7.32538315,0.56785916,25.496876,6.1247215,FALSE,human
core,132,3514,FALSE,1.693905241,DLMGYIPLV,72.509964,14.911781,11.69607279,0.882185507,27.49004,7.0393376,FALSE,human
core,133,3609,FALSE,1.66958005,LMGYIPLVG,72.23608,15.433638,11.44361332,0.886672192,27.763924,6.8862276,FALSE,human
core,134,3653,FALSE,1.851211052,MGYIPLVGA,70.65426,15.138243,13.11251036,1.0949904,29.345741,7.7425375,FALSE,human
core,135,3663,FALSE,1.704683837,GYIPLVGAP,71.44417,15.642916,11.90281182,1.010101036,28.555828,6.7877626,FALSE,human
core,136,3660,FALSE,2.647019547,YIPLVGAPL,51.3388,18.98907,28.27868963,1.393442706,48.6612,5.3340816,FALSE,human
core,137,3665,FALSE,2.630230418,IPLVGAPLG,51.432465,18.963165,28.18553941,1.418826708,48.56753,5.3932586,FALSE,human
core,138,3673,FALSE,2.518054609,PLVGAPLGG,51.892185,19.139668,27.79744131,1.170705229,48.107815,4.640634,FALSE,human
core,139,3663,FALSE,3.007723878,LVGAPLGGA,41.714443,18.891619,37.72863763,1.665301708,58.285557,5.1053863,FALSE,human
core,140,3670,FALSE,2.400522369,VGAPLGGAA,42.561306,28.719345,27.356949,1.3623979,57.43869,4.174573,FALSE,human
core,141,3676,FALSE,2.382096102,GAPLGGAAR,42.709465,31.039173,24.97279668,1.278563654,57.290535,4.0360875,FALSE,human
core,142,3669,FALSE,2.507500162,APLGGAARA,41.646225,31.125647,25.89261363,1.335513718,58.353775,4.2970576,FALSE,human
core,143,3672,FALSE,2.476064461,PLGGAARAL,41.7756,30.364925,26.47058847,1.388888814,58.2244,4.1159964,FALSE,human
core,144,3664,FALSE,2.476212978,LGGAARALA,41.703056,30.431223,26.41921381,1.446506634,58.296944,4.166667,FALSE,human
core,145,3668,FALSE,1.984813359,GGVARALAH,43.647762,41.821156,13.35877846,1.172300916,56.352234,3.6768262,FALSE,human
core,146,3667,FALSE,1.996692012,GVARALAHG,43.632397,41.75075,13.66239423,0.95445868,56.367607,3.43493,FALSE,human
core,147,3647,FALSE,2.016994018,VARALAHGV,43.29586,41.760353,13.92925703,1.014532526,56.70414,3.6266923,FALSE,human
core,148,3652,FALSE,1.093894806,ARALAHGVR,85.021904,6.161008,8.02300114,0.794085482,14.978094,10.054845,FALSE,human
core,149,3590,FALSE,1.901480102,RALAHGVRV,61.364902,22.86908,14.90250713,0.863509774,38.635098,4.9026675,FALSE,human
core,150,3588,FALSE,2.043651391,ALAHGVRVL,60.59086,20.819397,17.6700111,0.919732473,39.40914,4.738331,FALSE,human
core,151,3589,FALSE,1.878419572,LAHGVRVLE,62.329338,21.454445,15.35246596,0.863750396,37.670662,4.733728,FALSE,human
core,152,3592,FALSE,1.797680539,AHGVRVLED,62.249447,23.440979,13.66926463,0.640311812,37.750557,3.982301,FALSE,human
core,153,3567,FALSE,1.900889661,HGVRVLEDG,60.8074,23.01654,15.44715425,0.728903812,39.1926,4.2203145,FALSE,human
core,154,3532,FALSE,2.477934394,GVRVLEDGV,53.992073,16.874292,28.00113257,1.1325028,46.007927,4.8615384,FALSE,human
core,155,3530,FALSE,2.496881648,VRVLEDGVN,54.07932,16.855524,27.81869675,1.246458928,45.920677,5.120296,FALSE,human
core,156,3521,FALSE,2.63240353,RVLEDGVNY,54.075546,15.109344,29.50866238,1.306447058,45.924454,5.256648,FALSE,human
core,157,3519,FALSE,2.637649238,VLEDGVNYA,54.134697,15.061097,29.49701609,1.307189498,45.865303,5.328377,FALSE,human
core,158,3523,FALSE,2.21755267,LEDGVNYAT,59.38121,15.072382,24.58132298,0.9650866,40.618793,4.5422783,FALSE,human
core,159,3528,FALSE,1.723406774,EDGVNYATG,62.641724,15.334468,21.2868487,0.736961472,37.358276,3.7936265,FALSE,human
core,160,3528,FALSE,1.751587286,DGVNYATGN,62.61338,30.612246,6.009070354,0.765306144,37.38662,3.8665657,FALSE,human
core,161,3522,FALSE,1.947162299,GVNYATGNL,60.618965,15.105054,23.4241915,0.85178874,39.381035,4.397981,FALSE,human
core,162,3522,FALSE,1.791919188,VNYATGNLP,62.663258,15.076661,21.2947195,0.965360572,37.33674,4.486692,FALSE,human
core,163,3348,FALSE,1.095292743,NYATGNLPG,78.58423,16.81601,3.882915195,0.716845848,21.41577,6.1366806,FALSE,human
core,164,3349,FALSE,1.070908749,YATGNLPGC,78.56076,16.870707,3.9116154,0.65691252,21.439236,5.710306,FALSE,human
core,165,3315,FALSE,0.512389904,ATGNLPGCS,94.47964,0.9954752,3.89140295,0.633484194,5.520362,21.311476,FALSE,human
core,166,3316,FALSE,0.53056546,TGNLPGCSF,94.36067,0.9951749,4.01085643,0.633293115,5.639324,20.855614,FALSE,human
core,167,3315,FALSE,0.523007681,GNLPGCSFS,94.208145,0.93514335,4.25339394,0.60331828,5.7918553,20.833332,FALSE,human
core,168,3329,FALSE,0.637037786,NLPGCSFSI,93.121056,0.9312105,5.25683397,0.69089815,6.878943,20.087336,FALSE,human
core,169,3328,FALSE,0.62922023,LPGCSFSIF,93.32933,0.9615385,4.987980804,0.721153872,6.6706734,21.171171,FALSE,human
core,170,3325,FALSE,0.71271184,PGCSFSIFL,92.090225,1.5037594,5.74436096,0.661654158,7.909775,17.490494,FALSE,human
core,171,3326,FALSE,0.750094498,GCSFSIFLL,91.73181,1.4732411,6.04329515,0.75165365,8.26819,18.181818,FALSE,human
core,172,3314,FALSE,0.788692434,CSFSIFLLA,91.36994,1.4785757,6.336753152,0.814725405,8.630054,18.181818,FALSE,human
core,173,3313,FALSE,0.903176958,SFSIFLLAL,90.009056,1.448838,7.757319604,0.784787224,9.990945,17.220543,FALSE,human
core,174,3312,FALSE,1.364478028,FSIFLLALL,77.74758,13.61715,7.42753613,1.20772944,22.252415,9.497965,FALSE,human
core,175,3311,FALSE,1.321163527,SIFLLALLS,77.95228,13.651464,7.18816052,1.2080942,22.04772,9.452055,FALSE,human
core,176,3301,FALSE,1.339254743,IFLLALLSC,77.88549,13.723114,7.240230404,1.151166376,22.114511,9.452055,FALSE,human
core,177,3304,FALSE,1.880098787,FLLALLSCL,68.432205,13.589588,16.76755422,1.2106538,31.567797,7.286673,FALSE,human
core,178,3299,FALSE,2.393876276,LLALLSCLT,63.65565,9.57866,25.31070068,1.454986368,36.344345,8.256881,FALSE,human
core,179,3290,FALSE,3.350350861,LALLSCLTV,30.091185,28.237083,39.30091127,2.37082053,69.90881,6.0869565,FALSE,human
core,180,3290,FALSE,3.346304285,ALLSCLTVP,29.969606,28.176292,39.54407223,2.31003026,70.030396,6.076389,FALSE,human
core,181,3278,FALSE,3.736231529,LLSCLTVPA,27.821842,26.235508,43.16656591,2.776082946,72.178154,7.1005917,FALSE,human
core,182,3252,FALSE,3.728593769,LSCLTVPAS,28.10578,26.96802,42.37392345,2.552275398,71.89422,7.1428576,FALSE,human
core,183,3127,FALSE,3.428611365,SCLTVPASA,29.357212,28.173967,40.45411002,2.014710705,70.642784,6.0660934,FALSE,human
NS3,1,16304,FALSE,1.276093236,APITAYAQQ,69.32041,25.030666,5.434249432,0.21467124,30.679586,1.3794482,FALSE,human
NS3,2,16514,FALSE,1.249429013,PITAYAQQT,69.57733,24.942472,5.250091063,0.230107784,30.422672,1.3734076,FALSE,human
NS3,3,16526,FALSE,1.249979871,ITAYAQQTR,69.5026,24.954617,5.252329575,0.290451408,30.497398,1.5277778,FALSE,human
NS3,4,16594,FALSE,1.221473458,TAYAQQTRG,69.73605,25.093407,4.863203616,0.30734,30.263952,1.5531662,FALSE,human
NS3,5,16554,FALSE,1.296214407,AYAQQTRGL,69.656876,24.543917,5.472997292,0.326205144,30.343119,1.6922157,FALSE,human
NS3,6,16434,FALSE,1.737527921,YAQQTRGLL,64.2266,22.818548,12.55324332,0.401606436,35.773396,1.9220955,FALSE,human
NS3,7,16421,FALSE,1.827518615,AQQTRGLLG,63.960785,22.61738,12.99555467,0.42628341,36.03922,2.1122,FALSE,human
NS3,8,16563,FALSE,1.389237167,QQTRGLLGC,80.00966,8.078246,11.51965251,0.39244101,19.99034,3.4732711,FALSE,human
NS3,9,17268,FALSE,1.383347522,QTRGLLGCI,80.52467,7.690526,11.38522137,0.399583057,19.47533,3.835861,FALSE,human
NS3,10,17037,FALSE,1.761332114,TRGLLGCII,73.440155,7.7302346,18.36003986,0.46956624,26.559841,3.2928176,FALSE,human
NS3,11,17059,FALSE,1.788309679,RGLLGCIIT,73.43924,7.286476,18.76428877,0.509994722,26.56076,3.531229,FALSE,human
NS3,12,17050,FALSE,1.7985759,GLLGCIITS,73.454544,7.038123,19.01466244,0.492668618,26.545452,3.557225,FALSE,human
NS3,13,17119,FALSE,1.80304898,LLGCIITSL,73.52649,7.0272794,18.92633915,0.519890154,26.47351,3.6849074,FALSE,human
NS3,14,17177,FALSE,1.702528845,LGCIITSLT,74.58811,7.050125,17.94259777,0.419165165,25.411888,3.024055,FALSE,human
NS3,15,17294,FALSE,1.315250108,GCIITSLTG,77.75529,9.951428,11.96368669,0.329594081,22.244709,2.599428,FALSE,human
NS3,16,17303,FALSE,1.2777188,CIITSLTGR,78.02115,9.986708,11.68583433,0.306305264,21.978848,2.4454377,FALSE,human
NS3,17,17287,FALSE,1.022208387,IITSLTGRD,78.77596,17.342512,3.603864146,0.277665293,21.224041,2.1531754,FALSE,human
NS3,18,17236,FALSE,1.318341207,ITSLTGRDK,75.99791,15.885356,7.820840297,0.29589231,24.002089,2.1754894,FALSE,human
NS3,19,17476,FALSE,0.681589058,TSLTGRDKN,91.86885,2.8953993,4.96681179,0.26894027,8.131151,5.5594654,FALSE,human
NS3,20,17451,FALSE,1.333379663,SLTGRDKNQ,81.4853,6.624262,11.53515548,0.355280491,18.514698,3.6830702,FALSE,human
NS3,21,17420,FALSE,1.680182065,LTGRDKNQV,75.94719,6.911596,16.6475317,0.493685451,24.052813,3.8663485,FALSE,human
NS3,22,17414,FALSE,1.756613035,TGRDKNQVE,75.697716,6.6555643,17.04375832,0.60296313,24.302286,4.8913045,FALSE,human
NS3,23,17421,FALSE,1.760550379,GRDKNQVEG,75.718956,6.65863,17.0024684,0.619941492,24.28104,4.917258,FALSE,human
NS3,24,17428,FALSE,1.768671767,RDKNQVEGE,75.67707,6.6502185,17.0128525,0.659857695,24.32293,5.119132,FALSE,human
NS3,25,17465,FALSE,2.007863171,DKNQVEGEV,72.29316,6.882336,20.04008004,0.784425969,27.706844,5.1870217,FALSE,human
NS3,26,17486,FALSE,2.00711315,KNQVEGEVQ,72.2864,6.8626328,20.05604494,0.794921679,27.7136,5.2001653,FALSE,human
NS3,27,17532,FALSE,2.607345494,NQVEGEVQV,39.134155,35.432354,24.60073001,0.832762976,60.865845,2.3615408,FALSE,human
NS3,28,17505,FALSE,2.741060527,QVEGEVQVV,38.800343,34.55013,25.7697803,0.879748639,61.199657,2.6043124,FALSE,human
NS3,29,17606,FALSE,2.480149148,VEGEVQVVS,40.071568,35.68102,23.5260714,0.721344976,59.928436,2.0282438,FALSE,human
NS3,30,17656,FALSE,2.20053141,EGEVQIVST,41.226776,40.105347,18.08450418,0.583371122,58.77322,1.6478751,FALSE,human
NS3,31,17646,FALSE,2.166992037,GEVQIVSTA,40.80245,39.9694,18.75212471,0.476028554,59.19755,1.3785181,FALSE,human
NS3,32,17530,FALSE,2.594649251,EVQVVSTAT,39.954365,31.893898,27.56988054,0.581859643,60.045635,1.8430554,FALSE,human
NS3,33,17519,FALSE,2.614604535,VQVVSTATQ,39.910954,31.708431,27.79268215,0.587933126,60.089046,1.861879,FALSE,human
NS3,34,17577,FALSE,2.565979018,QVVSTATQS,38.783638,33.629173,26.98412666,0.603060818,61.216362,1.7565057,FALSE,human
NS3,35,17631,FALSE,2.585121441,VVSTATQSF,38.68754,33.520504,27.21910208,0.572854628,61.31246,1.7483811,FALSE,human
NS3,36,17647,FALSE,2.427105026,VSTATQSFL,38.95846,33.722446,26.86008898,0.45900155,61.041534,1.4296324,FALSE,human
NS3,37,17672,FALSE,2.326019954,STATQSFLA,39.186283,34.444317,25.93933932,0.430058844,60.81372,1.2933842,FALSE,human
NS3,38,17636,FALSE,2.578939932,TATQSFLAT,37.508507,32.943977,29.04853744,0.49897936,62.491493,1.4608475,FALSE,human
NS3,39,17630,FALSE,2.774260684,ATQSFLATC,36.352806,32.92683,30.16449239,0.555870641,63.647194,1.7912842,FALSE,human
NS3,40,17432,FALSE,3.246583319,AQTFLATCI,32.566544,23.187243,43.56356113,0.682652592,67.43346,1.8630371,FALSE,human
NS3,41,17540,FALSE,2.92921984,QTFLATCIN,41.98974,22.09806,35.29646551,0.615735432,58.01026,2.1425061,FALSE,human
NS3,42,17554,FALSE,2.898237175,TFLATCING,42.22969,22.137405,35.05183972,0.581064155,57.770306,2.0313578,FALSE,human
NS3,43,17561,FALSE,2.530209229,FLATCINGV,52.78173,23.085245,23.63760659,0.495415967,47.21827,2.2190063,FALSE,human
NS3,44,17560,FALSE,2.619723126,LATCINGVC,52.53986,22.910023,23.89521668,0.654897458,47.460136,2.963763,FALSE,human
NS3,45,17564,FALSE,2.618087318,ATCINGVCW,52.533592,22.916191,23.92393546,0.626280996,47.466408,2.9027228,FALSE,human
NS3,46,17544,FALSE,2.743827005,TCINGVCWT,50.854992,22.56042,25.95189273,0.63269495,49.145008,2.7371838,FALSE,human
NS3,47,17561,FALSE,2.612366312,CINGVCWTV,52.90701,22.920107,23.54649508,0.626388004,47.09299,2.732769,FALSE,human
NS3,48,17451,FALSE,2.971673608,INGVCWTVY,49.18916,17.225374,33.06973784,0.515729745,50.810844,2.2442765,FALSE,human
NS3,49,17648,FALSE,2.150719249,NGVCWTVYH,66.608116,9.213509,23.81572962,0.362647328,33.391888,2.3247921,FALSE,human
NS3,50,17681,FALSE,1.881765702,GVCWTVYHG,67.92602,10.384028,21.39584872,0.294101028,32.07398,1.8867924,FALSE,human
NS3,51,17688,FALSE,1.887577987,VCWTVYHGA,67.95002,10.368611,21.37041975,0.310945272,32.049976,1.9580172,FALSE,human
NS3,52,17706,FALSE,1.65468275,CWTVYHGAG,70.699196,10.375014,18.65469407,0.271094544,29.300802,1.7347726,FALSE,human
NS3,53,17543,FALSE,2.167981219,WTVYHGAGT,43.49313,35.678047,20.53810596,0.290714229,56.506866,0.95833755,FALSE,human
NS3,54,17523,FALSE,2.673618908,TVYHGAGTR,40.307026,26.348227,32.96809908,0.376647823,59.692974,1.1950287,FALSE,human
NS3,55,17533,FALSE,2.697745665,VYHGAGTRT,40.671875,25.99099,32.90366645,0.433468303,59.328125,1.4612575,FALSE,human
NS3,56,17515,FALSE,2.969378498,YHGAGTRTI,38.03597,24.516129,36.95118502,0.496717104,61.964027,1.520317,FALSE,human
NS3,57,17646,FALSE,2.62264264,HGAGTRTIA,37.985947,34.925762,26.59526227,0.493029574,62.014053,1.4438454,FALSE,human
NS3,58,17625,FALSE,2.782096579,GAGTRTIAS,37.20284,34.8766,27.34751774,0.573049659,62.797165,1.7528008,FALSE,human
NS3,59,17489,FALSE,3.46067582,AGSKTLAGP,33.358112,30.607811,35.10206418,0.932014375,66.64189,2.797083,FALSE,human
NS3,60,17459,FALSE,3.661456884,GSKTLAGPK,32.899937,29.239935,36.62294539,1.237184194,67.10007,3.5766113,FALSE,human
NS3,61,17458,FALSE,3.678564498,SKTLAGPKG,32.90182,29.24161,36.53912249,1.31744759,67.098175,3.7476525,FALSE,human
NS3,62,17620,FALSE,3.129641802,KTLAGPKGP,38.251987,31.01589,29.84108967,0.891032933,61.748016,2.8768382,FALSE,human
NS3,63,17479,FALSE,3.420091034,TIASPKGPV,30.688253,30.27633,38.06281803,0.97259567,69.311745,2.831201,FALSE,human
NS3,64,17299,FALSE,3.876403113,IASPKGPVI,30.13469,25.070814,43.65570262,1.138794157,69.86531,3.2599702,FALSE,human
NS3,65,17348,FALSE,3.607978076,ASPKGPVIQ,33.439014,25.005764,40.55222567,1.002997526,66.56099,2.9444878,FALSE,human
NS3,66,17353,FALSE,3.583866467,SPKGPVIQM,33.440903,25.027374,40.64426844,0.887454645,66.5591,2.7359307,FALSE,human
NS3,67,17367,FALSE,3.343590477,PKGPVIQMY,35.06075,25.110844,39.143203,0.685207593,64.939255,2.269906,FALSE,human
NS3,68,17510,FALSE,2.71979291,KGPVIQMYT,42.758423,27.098803,29.75442623,0.388349516,57.241577,1.5564202,FALSE,human
NS3,69,17540,FALSE,2.55701423,GPVIQMYTN,44.566708,26.978334,28.14709227,0.307867716,55.433296,1.1827625,FALSE,human
NS3,70,17539,FALSE,2.546595981,PVIQMYTNV,44.15303,26.996979,28.5307031,0.319288424,55.84697,1.1434405,FALSE,human
NS3,71,17535,FALSE,2.559263633,VIQMYTNVD,44.02623,26.997435,28.6398625,0.336469902,55.97377,1.21243,FALSE,human
NS3,72,17583,FALSE,2.697185797,IQMYTNVDQ,33.53239,30.222374,35.85281383,0.392424514,66.46761,1.0524514,FALSE,human
NS3,73,17804,FALSE,1.174475428,QMYTNVDQD,76.79173,17.052347,5.920017906,0.235902055,23.208267,1.8635044,FALSE,human
NS3,74,17801,FALSE,1.216936874,MYTNVDQDL,76.394585,17.066456,6.286163865,0.252794804,23.605415,1.9514515,FALSE,human
NS3,75,17750,FALSE,1.29018588,YTNVDQDLV,75.50423,17.047888,7.154929511,0.292957735,24.495775,2.0929163,FALSE,human
NS3,76,17748,FALSE,1.285035368,TNVDQDLVG,75.51837,17.055443,7.12756347,0.298625177,24.481632,2.1173763,FALSE,human
NS3,77,17744,FALSE,1.272484294,NVDQDLVGW,75.50721,17.031109,7.179891652,0.2817854,24.492786,2.0478601,FALSE,human
NS3,78,17613,FALSE,2.264908241,VDQDLVGWP,45.89224,27.82036,25.92971103,0.357690312,54.10776,1.3011543,FALSE,human
NS3,79,17570,FALSE,2.461418307,DQDLVGWPA,44.923164,27.336369,27.31360299,0.426863963,55.076836,1.5914023,FALSE,human
NS3,80,17571,FALSE,2.469604891,QDLVGWPAP,44.892155,27.300665,27.43156283,0.375618936,55.10785,1.4974698,FALSE,human
NS3,81,17514,FALSE,2.802064345,DLVGWPAPQ,39.294277,25.054243,35.22325105,0.42822885,60.705723,1.5519187,FALSE,human
NS3,82,17517,FALSE,2.809412569,LVGWPAPQG,39.3218,25.078497,35.15442058,0.44528172,60.678196,1.561765,FALSE,human
NS3,83,17405,FALSE,3.586079748,VGWPAPQGA,25.877623,24.630854,48.86526943,0.62625684,74.12238,1.8215642,FALSE,human
NS3,84,17440,FALSE,3.75285965,GWPAPQGAR,26.576836,24.438072,48.31995484,0.66513762,73.423164,2.0304568,FALSE,human
NS3,85,17443,FALSE,3.762412411,WPAPQGARS,26.589462,24.422403,48.32310968,0.665023209,73.41054,2.0382664,FALSE,human
NS3,86,17427,FALSE,3.991781445,PAPQGARSL,26.30975,20.778103,52.12027397,0.791874636,73.690254,2.4139543,FALSE,human
NS3,87,17459,FALSE,3.661561718,APPGARSLT,28.191763,27.057678,43.78257624,0.967982077,71.808235,2.616256,FALSE,human
NS3,88,17496,FALSE,3.469723987,PPGARSLTP,29.481024,27.84065,41.82098765,0.857338845,70.518974,2.366672,FALSE,human
NS3,89,17496,FALSE,3.45710906,PGARSLTPC,29.532465,27.857796,41.77526223,0.834476476,70.46754,2.319734,FALSE,human
NS3,90,17573,FALSE,2.588860217,GARSLTPCT,62.408237,8.740682,28.28202359,0.5690548,37.591763,3.3000302,FALSE,human
NS3,91,17566,FALSE,2.59903499,ARSLTPCTC,62.29648,8.744164,28.40715044,0.552203152,37.703518,3.2915597,FALSE,human
NS3,92,17681,FALSE,1.794822236,RSLTPCTCG,76.09864,4.2361856,19.30886272,0.356314707,23.901363,3.4548037,FALSE,human
NS3,93,17660,FALSE,1.914218777,SLTPCTCGS,74.88109,4.0600224,20.70781438,0.351075868,25.118914,3.358882,FALSE,human
NS3,94,17648,FALSE,2.043443055,LTPCTCGSS,74.433365,4.0344515,21.00521325,0.526971899,25.566637,4.4326243,FALSE,human
NS3,95,17667,FALSE,1.76730198,TPCTCGSSD,78.66644,2.9320202,17.9373975,0.464142165,21.33356,4.590077,FALSE,human
NS3,96,17756,FALSE,1.336930854,PCTCGSSDL,82.484795,3.384771,13.80941653,0.321018243,17.515205,3.9228294,FALSE,human
NS3,97,17765,FALSE,1.374670733,CTCGSSDLY,82.1897,3.3717985,14.11201779,0.326484668,17.8103,3.982301,FALSE,human
NS3,98,17772,FALSE,1.389198968,TCGSSDLYL,82.17421,3.3704705,14.10645931,0.348863398,17.825792,4.1035357,FALSE,human
NS3,99,17848,FALSE,1.094552259,CGSSDLYLV,85.41573,5.9502463,8.365082618,0.268937698,14.584267,3.8801384,FALSE,human
NS3,100,17846,FALSE,1.141469196,GSSDLYLVT,84.90418,5.9509134,8.898352643,0.246553846,15.095819,3.674833,FALSE,human
NS3,101,17840,FALSE,1.131543259,SSDLYLVTR,84.90471,5.9529147,8.87892384,0.263452907,15.095292,3.8247309,FALSE,human
NS3,102,17862,FALSE,1.300460187,SDLYLVTRH,83.73643,5.0666223,10.87224284,0.324711666,16.263577,4.3373494,FALSE,human
NS3,103,17885,FALSE,1.128552671,DLYLVTRHA,84.227005,5.937937,9.55549342,0.279563875,15.772994,3.438497,FALSE,human
NS3,104,17878,FALSE,1.121033551,LYLVTRHAD,84.27117,5.9346685,9.52567417,0.268486416,15.728828,3.3428166,FALSE,human
NS3,105,17884,FALSE,1.119019903,YLVTRHADV,84.36032,5.921494,9.466562366,0.25162155,15.639678,3.253486,FALSE,human
NS3,106,17819,FALSE,1.281582546,LVTRHADVI,81.979904,5.802795,11.95353265,0.263763403,18.02009,3.020866,FALSE,human
NS3,107,17813,FALSE,1.279026932,VTRHADVIP,82.00191,5.8103633,11.94071727,0.247010606,17.998093,2.9320025,FALSE,human
NS3,108,17818,FALSE,1.276785428,TRHADVIPV,81.86104,6.0500617,11.8138957,0.275002798,18.13896,2.970297,FALSE,human
NS3,109,17726,FALSE,1.496988733,RHADVIPVR,78.89541,6.087104,14.71849247,0.298995822,21.104591,2.7532744,FALSE,human
NS3,110,17728,FALSE,1.480447562,HADVIPVRR,78.93727,6.080776,14.65478335,0.327166052,21.062725,2.8655598,FALSE,human
NS3,111,17714,FALSE,1.318555542,ADVIPVRRR,79.32709,9.444508,10.98001591,0.248391101,20.672915,2.321136,FALSE,human
NS3,112,17697,FALSE,1.361306127,DVIPVRRRG,78.849525,9.45358,11.43131624,0.265581744,21.150476,2.4044883,FALSE,human
NS3,113,17702,FALSE,1.360420378,VIPVRRRGD,78.838554,9.456558,11.46198162,0.242910397,21.161451,2.2957823,FALSE,human
NS3,114,17376,FALSE,2.183739946,IPVRRRGDS,68.508286,7.0211782,24.06767962,0.402854515,31.491713,2.6133041,FALSE,human
NS3,115,17394,FALSE,1.987825468,PVRRRGDSR,70.18512,7.7670465,21.65689342,0.390939392,29.814878,2.506749,FALSE,human
NS3,116,17392,FALSE,2.035016872,VRRRGDSRG,69.80796,7.7679396,21.98712058,0.43698252,30.192041,2.7804227,FALSE,human
NS3,117,17376,FALSE,2.162650453,RRRGDSRGS,68.99747,7.757827,22.82458572,0.420119709,31.002533,2.8772972,FALSE,human
NS3,118,17458,FALSE,1.904787921,RRGDSRGSL,72.24195,7.7099323,19.71016194,0.337953947,27.758047,2.6619892,FALSE,human
NS3,119,17458,FALSE,1.935604838,RGDSRGSLL,72.1904,7.5552754,19.88772989,0.366594112,27.809599,2.92482,FALSE,human
NS3,120,17482,FALSE,1.890550798,GDSRGSLLS,72.548904,7.6593065,19.40281399,0.388971512,27.451092,2.8755991,FALSE,human
NS3,121,17507,FALSE,1.845268623,DSRGSLLSP,72.73662,7.636945,19.24944303,0.376992066,27.263378,2.82841,FALSE,human
NS3,122,17493,FALSE,1.860441369,SRGSLLSPR,72.697655,7.625908,19.26484951,0.411593184,27.30235,3.0150754,FALSE,human
NS3,123,17822,FALSE,1.112543112,RGSLLSPRP,83.52037,7.5861297,8.669060643,0.2244417,16.479631,2.7919645,FALSE,human
NS3,124,17611,FALSE,1.949804964,GSLLSPRPI,56.856514,26.307423,16.51240671,0.323661362,43.14349,1.3029745,FALSE,human
NS3,125,17611,FALSE,1.913972361,SLLSPRPIS,57.532227,26.358526,15.80262325,0.306626553,42.467777,1.3370771,FALSE,human
NS3,126,17634,FALSE,1.895834532,LLSPRPISY,57.93354,26.624702,15.09016692,0.351593506,42.066463,1.5907252,FALSE,human
NS3,127,17632,FALSE,1.888909017,LSPRPISYL,57.985477,26.605038,15.04650672,0.362976403,42.01452,1.6063714,FALSE,human
NS3,128,17633,FALSE,1.86674378,SPRPISYLK,58.04458,26.575172,15.05699544,0.323257545,41.95542,1.4868883,FALSE,human
NS3,129,17644,FALSE,1.841748827,PRPISYLKG,58.257763,26.598278,14.86624393,0.277714801,41.742237,1.3441955,FALSE,human
NS3,130,17646,FALSE,1.833152937,RPISYLKGS,58.23983,26.61793,14.87022586,0.272016317,41.760174,1.2756141,FALSE,human
NS3,131,17655,FALSE,1.810904715,PISYLKGSS,58.266785,26.740301,14.75502648,0.237892939,41.73322,1.126493,FALSE,human
NS3,132,17655,FALSE,1.82267496,ISYLKGSSG,58.261116,26.751629,14.74369837,0.243557057,41.738884,1.1399105,FALSE,human
NS3,133,17872,FALSE,0.904606794,SYLKGSSGG,85.6983,6.429051,7.71038499,0.162264993,14.301701,2.4256651,FALSE,human
NS3,134,17878,FALSE,0.837983662,YLKGSSGGP,85.71429,7.6574564,6.482828036,0.145430142,14.285715,2.036022,FALSE,human
NS3,135,17872,FALSE,0.714853798,LKGSSGGPL,87.444046,9.243509,3.172560538,0.139883615,12.555954,2.1390374,FALSE,human
NS3,136,17903,FALSE,0.810749224,KGSSGGPLL,87.43786,7.021169,5.384572549,0.156398368,12.56214,2.4899955,FALSE,human
NS3,137,17811,FALSE,0.78772072,GSSGGPLLC,87.64808,6.9619904,5.22149233,0.16843524,12.351917,2.5454545,FALSE,human
NS3,138,17793,FALSE,0.872449669,SSGGPLLCP,87.12415,6.8510084,5.822514489,0.202326754,12.875851,3.0117853,FALSE,human
NS3,139,17575,FALSE,2.201803745,SGGPLLCPA,44.52916,34.96444,20.19914639,0.307254622,55.47084,1.2001231,FALSE,human
NS3,140,17585,FALSE,2.204964321,GGPLLCPAG,44.555016,34.944553,20.18197297,0.31845324,55.44498,1.2410256,FALSE,human
NS3,141,17588,FALSE,2.219947752,GPLLCPAGH,44.524677,34.881737,20.24107335,0.35251309,55.475323,1.3118787,FALSE,human
NS3,142,17512,FALSE,2.628076326,PLLCPAGHA,44.061214,28.152122,27.33554098,0.451119262,55.938786,1.7456105,FALSE,human
NS3,143,17479,FALSE,2.835827566,LLCPAGHAV,43.555122,27.678928,28.14806328,0.617884308,56.444878,2.2197447,FALSE,human
NS3,144,17482,FALSE,2.737419915,LCPAGHAVG,43.564808,27.925867,28.05170944,0.457613544,56.435192,1.7737684,FALSE,human
NS3,145,17419,FALSE,2.88858557,CPAGHAVGI,43.016247,26.723692,29.66875194,0.591308343,56.98375,2.0350595,FALSE,human
NS3,146,17414,FALSE,2.897666678,PAGHAVGIF,43.0286,26.708395,29.6715285,0.591478118,56.9714,2.0461648,FALSE,human
NS3,147,17325,FALSE,2.992030625,AGHAVGIFR,40.917747,26.828283,31.68831185,0.565656568,59.082253,1.92458,FALSE,human
NS3,148,17526,FALSE,1.713761045,GHAVGIFRA,73.097115,7.79984,18.73216945,0.37087754,26.902887,2.5874867,FALSE,human
NS3,149,17521,FALSE,1.706401313,HAVGIFRAA,73.11227,7.8020663,18.73751504,0.348153639,26.887735,2.504776,FALSE,human
NS3,150,17452,FALSE,1.713896826,AVGIFRAAV,73.10909,7.832913,18.76575739,0.292230102,26.890902,2.386533,FALSE,human
NS3,151,17536,FALSE,1.17202613,VGIFRAAVC,81.29562,9.243841,9.249543713,0.210994524,18.70438,2.4390242,FALSE,human
NS3,152,17572,FALSE,0.796470242,GIFRAAVCT,89.65968,3.4372866,6.715228955,0.187798766,10.340314,4.0176115,FALSE,human
NS3,153,17574,FALSE,0.788122367,IFRAAVCTR,89.70069,3.4368954,6.691703569,0.17070672,10.299306,3.8121548,FALSE,human
NS3,154,17628,FALSE,0.438837907,FRAAVCTRG,94.917175,2.1443157,2.796687052,0.141819825,5.082823,6.25,FALSE,human
NS3,155,17617,FALSE,0.454704523,RAAVCTRGV,94.84021,2.1513312,2.849520453,0.1589374,5.159789,6.8206825,FALSE,human
NS3,156,17722,FALSE,0.302323395,AAVCTRGVA,96.998085,0.9987586,1.828236123,0.174923824,3.0019186,11.278195,FALSE,human
NS3,157,17722,FALSE,0.270772118,AVCTRGVAK,97.30843,0.9931159,1.517887315,0.180566528,2.6915698,12.7882595,FALSE,human
NS3,158,17719,FALSE,0.474484013,VCTRGVAKA,94.71753,2.1953833,2.912128252,0.174953438,5.282465,7.371795,FALSE,human
NS3,159,17716,FALSE,0.897754929,CTRGVAKAV,86.8932,7.292843,5.576879639,0.237073843,13.106796,3.4022396,FALSE,human
NS3,160,17646,FALSE,1.075355762,TRGVAKAVD,85.37346,6.7550716,7.605122896,0.26634931,14.626545,3.680744,FALSE,human
NS3,161,17649,FALSE,1.050031304,RGVAKAVDF,85.38727,6.7425914,7.603830396,0.266304049,14.612725,3.6448236,FALSE,human
NS3,162,17409,FALSE,1.941566323,GVAKAVDFI,54.753284,30.375093,14.59015434,0.28146362,45.24671,1.5107274,FALSE,human
NS3,163,17422,FALSE,1.942316567,VAKAVDFIP,54.700954,30.409828,14.5735278,0.315692795,45.299046,1.6092244,FALSE,human
NS3,164,17402,FALSE,1.968433999,AKAVDFIPV,54.643143,30.24365,14.8143888,0.298816211,45.356853,1.6596984,FALSE,human
NS3,165,17404,FALSE,1.958607912,KAVDFIPVE,54.734547,30.240175,14.74373659,0.28154446,45.265457,1.5993906,FALSE,human
NS3,166,17158,FALSE,2.904943799,AVDFVPVES,28.878656,26.308426,44.23592391,0.576990315,71.12134,1.8028355,FALSE,human
NS3,167,16640,FALSE,3.258424504,VDFVPVESM,26.08774,24.6875,48.64182777,0.582932704,73.912254,1.7481096,FALSE,human
NS3,168,16436,FALSE,3.329488033,DFVPVESME,26.368946,24.659285,48.31467588,0.65709414,73.63106,1.883986,FALSE,human
NS3,169,16480,FALSE,3.228308893,FVPVESMET,26.79005,25.188107,47.41504753,0.60679615,73.20995,1.7903026,FALSE,human
NS3,170,16332,FALSE,3.337017978,VPVESMETT,26.738918,24.944895,47.5569417,0.759245676,73.261086,2.1646469,FALSE,human
NS3,171,16518,FALSE,3.011176608,PVESMETTM,36.40271,25.136215,37.56507914,0.895992296,63.597286,2.8748214,FALSE,human
NS3,172,16516,FALSE,2.988121176,VESMETTMR,36.39501,25.145313,37.58173846,0.877936575,63.60499,2.8081865,FALSE,human
NS3,173,16439,FALSE,2.999972209,ESMETTMRS,36.40124,25.141434,37.57527804,0.882048775,63.59876,2.8503108,FALSE,human
NS3,174,15603,FALSE,2.981738786,SMETTMRSP,36.685253,25.328463,37.08901974,0.897263276,63.314747,2.8950298,FALSE,human
NS3,175,15661,FALSE,2.287516202,LETTMRSPV,45.661198,37.500797,16.21224692,0.625758224,54.338802,2.5264394,FALSE,human
NS3,176,15617,FALSE,1.499646066,ETTMRSPVF,82.27573,5.1866555,11.94851791,0.589101631,17.724274,7.0447974,FALSE,human
NS3,177,15551,FALSE,1.657839159,TTMRSPVFT,78.50942,6.308276,14.58427129,0.598032315,21.49058,5.864752,FALSE,human
NS3,178,15526,FALSE,1.62300745,TMRSPVFTD,78.63583,6.2991114,14.601314,0.463738212,21.364162,4.883931,FALSE,human
NS3,179,15352,FALSE,1.46730964,MRSPVFTDN,79.553154,6.917665,13.30119858,0.227983315,20.446848,3.1220133,FALSE,human
NS3,180,15373,FALSE,1.161036441,RSPVFTDNS,81.33091,8.859689,9.633773966,0.175632611,18.669096,2.0557492,FALSE,human
NS3,181,15229,FALSE,1.552285522,SPVFTDNSS,76.63011,8.556044,14.55775198,0.256090353,23.369886,2.5849957,FALSE,human
NS3,182,15207,FALSE,1.503442922,PVFTDNSSP,76.90537,8.890642,13.98697964,0.21700532,23.094627,2.2779043,FALSE,human
NS3,183,15201,FALSE,1.5062931,VFTDNSSPP,76.87652,8.887573,14.0188148,0.217090995,23.123478,2.2475107,FALSE,human
NS3,184,15164,FALSE,1.511681448,FTDNSSPPA,74.48563,9.667634,15.66868913,0.178053282,25.514376,1.6283277,FALSE,human
NS3,185,15148,FALSE,1.440998379,TDNSSPPAV,75.35648,9.631635,14.79403227,0.21785054,24.643518,1.6608626,FALSE,human
NS3,186,15158,FALSE,1.055548009,DNSSPPAVP,79.17931,15.180103,5.442670399,0.19791528,20.82069,1.6476552,FALSE,human
NS3,187,15127,FALSE,1.194476418,NSSPPAVPQ,78.64084,13.889072,7.23210127,0.237985056,21.35916,2.2284122,FALSE,human
NS3,188,14966,FALSE,2.355892851,SSPPAVPQT,38.9416,37.404785,23.29279732,0.360817875,61.058395,1.2803676,FALSE,human
NS3,189,14887,FALSE,2.742722123,SPPAVPQTF,37.381607,33.727413,28.46779052,0.423188023,62.618393,1.4910964,FALSE,human
NS3,190,14870,FALSE,2.322224621,PPAVPQTFQ,38.65501,35.68931,25.2790853,0.376597172,61.344986,1.1401008,FALSE,human
NS3,191,14847,FALSE,2.317451113,PAVPQTFQV,38.647537,35.609886,25.41254027,0.330032993,61.352463,1.1197717,FALSE,human
NS3,192,14809,FALSE,2.550112501,AVPQTFQVA,38.49686,35.23533,25.91667243,0.351137816,61.503143,1.3065437,FALSE,human
NS3,193,14808,FALSE,2.324937888,VPQTFQVAH,39.161266,37.614803,22.92004329,0.303889797,60.838734,1.1433011,FALSE,human
NS3,194,14795,FALSE,2.31710239,PQTFQVAHL,39.14836,37.6073,22.96721882,0.27712064,60.85164,1.088526,FALSE,human
NS3,195,14704,FALSE,2.325902298,QTFQVAHLH,39.091404,37.636017,22.99374294,0.278835686,60.908596,1.1277356,FALSE,human
NS3,196,14682,FALSE,2.220305188,TFQVAHLHA,38.979702,37.93761,22.87835516,0.20433183,61.020298,0.83714694,FALSE,human
NS3,197,14805,FALSE,1.090066302,FQVAHLHAP,77.95339,12.549814,9.348193412,0.14859845,22.046606,1.5012255,FALSE,human
NS3,198,14816,FALSE,0.687903765,QVAHLHAPT,86.10961,12.655237,1.113660925,0.12149028,13.8903885,1.8464528,FALSE,human
NS3,199,14784,FALSE,0.672560982,VAHLHAPTG,86.194534,12.736742,0.980790046,0.087932897,13.805466,1.4208721,FALSE,human
NS3,200,14776,FALSE,0.660159427,AHLHAPTGS,86.2412,12.736871,0.906875993,0.115051427,13.758798,1.5248401,FALSE,human
NS3,201,14778,FALSE,0.59747989,HLHAPTGSG,86.83855,12.829882,0.209771275,0.12180267,13.161457,1.3367609,FALSE,human
NS3,202,14775,FALSE,0.043040078,LHAPTGSGK,99.66159,0.06768189,0.189509314,0.08121828,0.33840948,44,FALSE,human
NS3,203,14756,FALSE,0.045730348,HAPTGSGKS,99.6476,0.06776904,0.19653022,0.088099752,0.35239902,46.153847,FALSE,human
NS3,204,14749,FALSE,0.036628526,APTGSGKST,99.71523,0.047460843,0.142382529,0.094921687,0.28476506,57.14286,FALSE,human
NS3,205,14665,FALSE,0.296999562,PTGSGKSTK,95.35629,4.357313,0.163654958,0.122741221,4.6437097,3.9647574,FALSE,human
NS3,206,14651,FALSE,0.292117166,TGSGKSTKV,95.39963,4.361477,0.129683978,0.109207563,4.6003685,3.560831,FALSE,human
NS3,207,14647,FALSE,0.291063177,GSGKSTKVP,95.37789,4.362668,0.150201408,0.109237387,4.622107,3.6927621,FALSE,human
NS3,208,14641,FALSE,0.362678932,SGKSTKVPA,94.61786,4.357626,0.915238069,0.10928215,5.382146,3.5532997,FALSE,human
NS3,209,14643,FALSE,0.368382893,GKSTKVPAA,94.56396,4.3502016,0.98340498,0.102438018,5.4360447,3.39196,FALSE,human
NS3,210,14641,FALSE,0.37696007,KSTKVPAAY,94.55639,4.3507957,1.004029784,0.088791747,5.4436173,3.2622333,FALSE,human
NS3,211,14635,FALSE,0.79222418,STKVPAAYA,85.951485,8.575333,5.39118551,0.08199522,14.048513,1.4105058,FALSE,human
NS3,212,14599,FALSE,1.027850907,TKVPAAYAA,83.46462,8.589629,7.836153293,0.10959655,16.53538,1.8227009,FALSE,human
NS3,213,14586,FALSE,1.027080194,KVPAAYAAQ,83.49102,8.563005,7.829425298,0.11655011,16.508982,1.8687708,FALSE,human
NS3,214,14658,FALSE,0.79952267,VPAAYAAQG,86.59435,8.534589,4.768726986,0.102333195,13.405649,1.832061,FALSE,human
NS3,215,14655,FALSE,0.799596686,PAAYAAQGY,86.564316,8.536336,4.776526584,0.12282498,13.435687,1.9807009,FALSE,human
NS3,216,14626,FALSE,1.04857326,AAYAAQGYK,85.12238,6.132914,8.580609956,0.164091346,14.877616,2.711397,FALSE,human
NS3,217,14625,FALSE,0.995922988,AYAAQGYKV,85.59316,6.140171,8.116239378,0.150427341,14.406837,2.6103466,FALSE,human
NS3,218,14615,FALSE,0.997540133,YAAQGYKVL,85.603836,6.1306877,8.101265769,0.16421484,14.396169,2.5190115,FALSE,human
NS3,219,14597,FALSE,0.996831414,AAQGYKVLV,85.586075,6.117696,8.104404654,0.191820244,14.41392,2.7091255,FALSE,human
NS3,220,14588,FALSE,0.94708385,AQGYKVLVL,85.60461,6.765835,7.444474666,0.185083637,14.395393,2.4285715,FALSE,human
NS3,221,14616,FALSE,0.674766937,QGYKVLVLN,89.52518,6.7870827,3.537219544,0.150519983,10.474822,2.4820378,FALSE,human
NS3,222,14622,FALSE,0.670537876,GYKVLVLNP,89.54315,6.7911363,3.535767903,0.129941181,10.456846,2.2236757,FALSE,human
NS3,223,14633,FALSE,0.677163456,YKVLVLNPS,89.516846,6.7860312,3.56044554,0.13667738,10.483154,2.3468056,FALSE,human
NS3,224,14588,FALSE,0.653754625,KVLVLNPSV,89.854675,6.8069644,3.208116318,0.130244041,10.145326,2.3648648,FALSE,human
NS3,225,14609,FALSE,0.043833644,VLVLNPSVA,99.63037,0.06160586,0.171127391,0.136901914,0.36963516,51.851852,FALSE,human
NS3,226,14571,FALSE,0.044829565,LVLNPSVAA,99.64999,0.061766524,0.164710727,0.123533046,0.3500103,50.980396,FALSE,human
NS3,227,14514,FALSE,0.036093144,VLNPSVAAT,99.7244,0.048229296,0.110238395,0.117128295,0.27559596,57.5,FALSE,human
NS3,228,14514,FALSE,0.05381638,LNPSVAATL,99.58661,0.07578889,0.22047678,0.117128295,0.41339397,45,FALSE,human
NS3,229,14383,FALSE,0.457234016,NPSVAATLG,92.95001,5.4091635,1.487867669,0.152958359,7.0499897,3.254438,FALSE,human
NS3,230,14374,FALSE,0.461455959,PSVAATLGF,92.945595,5.3986363,1.495756295,0.160011131,7.0544033,3.4516766,FALSE,human
NS3,231,14373,FALSE,0.461984482,SVAATLGFG,92.93119,5.385097,1.502817746,0.180894727,7.06881,3.8385828,FALSE,human
NS3,232,14180,FALSE,1.188578009,VAATLGFGA,81.73483,6.9393516,11.11424519,0.211565592,18.265162,2.2779922,FALSE,human
NS3,233,14141,FALSE,1.285511424,AATLGFGAY,81.46524,5.473446,12.81380404,0.24750725,18.534758,2.5944297,FALSE,human
NS3,234,14128,FALSE,1.348257263,ATLGFGAYM,80.995186,5.4643264,13.27859564,0.261891269,19.004812,2.867784,FALSE,human
NS3,235,14118,FALSE,1.390477174,TLGFGAYMS,80.6984,5.397365,13.61382645,0.290409396,19.301601,3.4495413,FALSE,human
NS3,236,14011,FALSE,1.620765741,LGFGAYMSK,78.53115,5.017486,16.04453673,0.406823233,21.468847,4.2220745,FALSE,human
NS3,237,14014,FALSE,1.651584341,GFGAYMSKA,78.30741,5.073498,16.2266305,0.392464677,21.692593,4.2105265,FALSE,human
NS3,238,13955,FALSE,1.68893139,FGAYMSKAH,76.53171,7.352204,15.72912944,0.386958098,23.46829,3.9694655,FALSE,human
NS3,239,13954,FALSE,1.696495184,GAYMSKAHG,76.55153,7.3527308,15.73742284,0.358320215,23.448473,3.881418,FALSE,human
NS3,240,13731,FALSE,2.8153413,AYMSKAHGI,36.6907,36.68342,25.99956308,0.626319966,63.3093,2.2316806,FALSE,human
NS3,241,13825,FALSE,2.816012823,YMSKAHGID,35.942135,34.67631,28.89692583,0.484629304,64.05787,1.7728094,FALSE,human
NS3,242,13825,FALSE,2.807491372,MSKAHGIDP,35.804703,34.466545,29.29475583,0.433996392,64.1953,1.656338,FALSE,human
NS3,243,13808,FALSE,3.003183025,SKAHGIDPN,33.893394,33.820976,31.82937342,0.456257214,66.106606,1.7090272,FALSE,human
NS3,244,13757,FALSE,3.194261739,KAHGIDPNI,33.561096,32.11456,33.82278122,0.501562842,66.4389,1.8708972,FALSE,human
NS3,245,13777,FALSE,2.891960495,AHGIDPNIR,34.935036,33.20026,31.50903657,0.355665246,65.064964,1.3163766,FALSE,human
NS3,246,13773,FALSE,2.912865528,HGIDPNIRT,34.698322,33.238945,31.76504803,0.297683862,65.301674,1.2341561,FALSE,human
NS3,247,13884,FALSE,2.332458062,GIDPNIRTG,42.98473,35.99827,20.78651689,0.230481133,57.01527,0.9853462,FALSE,human
NS3,248,13836,FALSE,2.949812004,IDPNIRTGV,35.479908,33.42729,30.75310815,0.339693548,64.52009,1.3218327,FALSE,human
NS3,249,14057,FALSE,1.815896622,DPNIRTGVR,73.23753,5.655545,20.85082177,0.256100166,26.762468,2.020202,FALSE,human
NS3,250,14091,FALSE,1.40735018,PNIRTGVRT,79.88787,5.6631894,14.24313388,0.205805121,20.11213,2.1877205,FALSE,human
NS3,251,14052,FALSE,1.614607734,NIRTGVRTI,77.29861,5.3729005,17.07230281,0.2561913,22.701395,2.570533,FALSE,human
NS3,252,14079,FALSE,1.387302569,IRTGVRTIT,80.86512,5.3412886,13.54499636,0.248597206,19.134882,2.969562,FALSE,human
NS3,253,14141,FALSE,1.165994256,RTGVRTITT,83.47359,5.8694577,10.43773432,0.219220707,16.526413,2.6957638,FALSE,human
NS3,254,14073,FALSE,1.24278019,TGVRTITTG,82.43445,5.8978186,11.4190296,0.24870321,17.565552,2.831715,FALSE,human
NS3,255,14035,FALSE,2.267336054,GVRTITTGS,46.22016,33.972214,19.48699685,0.320627012,53.779835,1.3778484,FALSE,human
NS3,256,13798,FALSE,2.872609751,VRTITTGSP,42.825047,26.931438,29.74344081,0.500072463,57.17495,2.0408163,FALSE,human
NS3,257,13796,FALSE,2.705587864,RTITTGSPI,42.454334,29.175123,28.01536638,0.355175422,57.54567,1.5871016,FALSE,human
NS3,258,13799,FALSE,2.694455142,TITTGSPIT,42.45235,29.24125,27.9513004,0.355098183,57.547646,1.5741091,FALSE,human
NS3,259,13803,FALSE,2.688777209,ITTGSPITY,42.51974,29.312468,27.86350721,0.304281684,57.48026,1.462062,FALSE,human
NS3,260,13841,FALSE,2.520500745,TTGSPITYS,42.64143,30.005058,27.12954294,0.223972272,57.358574,1.1588361,FALSE,human
NS3,261,13855,FALSE,2.479988221,TGSPITYST,42.786,30.256227,26.75568405,0.202093108,57.214005,0.9461335,FALSE,human
NS3,262,13801,FALSE,2.477353989,GSPITYSTY,42.612854,30.37461,26.78791377,0.224621403,57.387142,0.9595959,FALSE,human
NS3,263,13862,FALSE,2.390742679,SPITYSTYG,43.031307,31.135479,25.62400789,0.209205029,56.96869,0.8990756,FALSE,human
NS3,264,13906,FALSE,1.239513875,PITYSTYGK,76.56407,11.491443,11.80785242,0.13663166,23.435926,1.3194231,FALSE,human
NS3,265,14091,FALSE,0.543194205,ITYSTYGKF,90.51167,7.61479,1.802569093,0.070967283,9.488325,2.0194466,FALSE,human
NS3,266,14126,FALSE,0.095962704,TYSTYGKFL,99.150505,0.38227382,0.382273823,0.08494974,0.84949744,24.166666,FALSE,human
NS3,267,14123,FALSE,0.094588152,YSTYGKFLA,99.18572,0.382355,0.339871132,0.092048432,0.8142746,24.347826,FALSE,human
NS3,268,14120,FALSE,0.094910044,STYGKFLAD,99.18555,0.38243625,0.347025496,0.084985836,0.8144475,24.347826,FALSE,human
NS3,269,14115,FALSE,0.090943725,TYGKFLADG,99.19943,0.38257173,0.297555794,0.120439247,0.80056673,26.548672,FALSE,human
NS3,270,14114,FALSE,0.086260358,YGKFLADGG,99.227715,0.38259885,0.269236212,0.120447781,0.77228284,26.605505,FALSE,human
NS3,271,14029,FALSE,0.089694026,GKFLADGGC,99.22304,0.38491696,0.256611313,0.135433748,0.776962,27.522936,FALSE,human
NS3,272,14017,FALSE,0.224136837,KFLADGGCS,97.73133,0.9274452,1.198544637,0.14268389,2.2686737,11.63522,FALSE,human
NS3,273,14012,FALSE,0.330252936,FLADGGCSG,96.56722,1.127605,2.155295494,0.149871546,3.432772,9.355509,FALSE,human
NS3,274,14011,FALSE,0.311232233,LADGGCSGG,96.61694,1.1276854,2.112625865,0.142744994,3.3830562,9.07173,FALSE,human
NS3,275,14012,FALSE,0.28818518,ADGGCSGGA,96.76706,1.3773907,1.712817607,0.142734806,3.2329433,8.388521,FALSE,human
NS3,276,14010,FALSE,0.286217159,DGGCSGGAY,96.766594,1.3775874,1.705924339,0.149892933,3.2334049,8.609272,FALSE,human
NS3,277,14010,FALSE,0.287983005,GGCSGGAYD,96.78087,1.3847252,1.720199857,0.114204139,3.219129,7.538803,FALSE,human
NS3,278,14008,FALSE,0.687892837,GCSGGAYDI,88.8064,8.023986,3.062535709,0.10708167,11.193604,2.3596938,FALSE,human
NS3,279,13998,FALSE,0.706790693,CSGGAYDII,88.71982,7.993999,3.17188183,0.114302048,11.280183,2.6599114,FALSE,human
NS3,280,13813,FALSE,1.035168133,SGGAYDIII,82.93636,8.086585,8.846738452,0.130312026,17.063635,2.1637673,FALSE,human
NS3,281,13809,FALSE,0.902741873,GGAYDIIIC,84.18423,8.183069,7.516837076,0.115866459,15.815772,1.6941392,FALSE,human
NS3,282,13811,FALSE,0.805206586,GAYDIIICD,84.6644,9.318659,5.915574411,0.10136847,15.335602,1.3692162,FALSE,human
NS3,283,13810,FALSE,0.814483445,AYDIIICDE,84.6488,9.304852,5.937726174,0.10861695,15.351194,1.4622642,FALSE,human
NS3,284,13815,FALSE,0.809651821,YDIIICDEC,84.6616,9.301483,5.921100337,0.115816144,15.3384,1.4629542,FALSE,human
NS3,285,13816,FALSE,0.818363493,DIIICDECH,84.677185,9.300811,5.906195718,0.115807765,15.322813,1.4170997,FALSE,human
NS3,286,13816,FALSE,0.929649758,IIICDECHS,83.85929,8.171685,7.809786128,0.159235677,16.140707,1.7488788,FALSE,human
NS3,287,13798,FALSE,1.10689018,IICDECHST,81.90317,7.6605306,10.25510984,0.181185675,18.096825,2.002403,FALSE,human
NS3,288,13803,FALSE,1.101372033,ICDECHSTD,81.989426,7.686735,10.14996733,0.173875248,18.010578,1.7699115,FALSE,human
NS3,289,13941,FALSE,1.762553874,CDECHSTDA,50.821316,35.34897,13.62169167,0.208019509,49.17868,0.7001167,FALSE,human
NS3,290,13885,FALSE,1.762123078,DECHSTDAT,50.622974,35.498737,13.68383154,0.194454432,49.377026,0.67094517,FALSE,human
NS3,291,13856,FALSE,2.342594503,ECHSTDATS,47.069862,18.721132,33.9852767,0.22372979,52.93014,0.8181075,FALSE,human
NS3,292,13778,FALSE,2.525735667,CHSTDATSI,45.674263,18.63841,35.41152511,0.275801986,54.325737,1.0955243,FALSE,human
NS3,293,13533,FALSE,2.527683135,HSTDATSIL,46.456806,18.14823,35.09199864,0.302963133,53.543194,1.2282639,FALSE,human
NS3,294,13532,FALSE,2.534656868,STDATSILG,46.430683,18.112621,35.13892966,0.317765292,53.569317,1.2967306,FALSE,human
NS3,295,13502,FALSE,2.537802655,TDATSILGI,46.46719,18.315805,34.97259607,0.24440823,53.53281,1.0653017,FALSE,human
NS3,296,13528,FALSE,1.981661808,DATSILGIG,54.79746,19.781195,25.2808998,0.140449433,45.202545,0.7031889,FALSE,human
NS3,297,13528,FALSE,1.992790548,ATSILGIGT,54.74571,19.751627,25.36221168,0.140449433,45.254288,0.75138843,FALSE,human
NS3,298,13426,FALSE,1.280424725,TSILGIGTV,73.48428,18.642933,7.761060302,0.111723519,26.515717,1.1235955,FALSE,human
NS3,299,13426,FALSE,1.297077814,SILGIGTVL,73.357666,18.628035,7.880232182,0.134068223,26.642334,1.2300811,FALSE,human
NS3,300,13444,FALSE,0.577306788,ILGIGTVLD,91.94436,4.0836062,3.867896443,0.104135675,8.055638,3.3240995,FALSE,human
NS3,301,13513,FALSE,0.325689423,LGIGTVLDQ,96.03345,2.1164804,1.768667278,0.081403094,3.9665508,5.783582,FALSE,human
NS3,302,13504,FALSE,0.313152881,GIGTVLDQA,96.09005,2.1104858,1.70319906,0.096267776,3.9099526,6.060606,FALSE,human
NS3,303,13504,FALSE,0.327038938,IGTVLDQAE,96.03821,2.1104858,1.762440734,0.088862562,3.9617891,5.7943926,FALSE,human
NS3,304,13538,FALSE,0.205960303,GTVLDQAET,97.77663,1.1449254,0.997193094,0.081252771,2.2233713,9.634551,FALSE,human
NS3,305,13528,FALSE,0.253638106,TVLDQAETA,97.39799,1.1309876,1.33057361,0.140449433,2.6020105,11.931818,FALSE,human
NS3,306,13529,FALSE,0.243093968,VLDQAETAG,97.47209,1.1382955,1.241776937,0.147830592,2.527903,12.280702,FALSE,human
NS3,307,13637,FALSE,0.712290262,LDQAETAGA,86.66129,11.652123,1.466598217,0.21998973,13.338711,2.9686642,FALSE,human
NS3,308,13636,FALSE,0.705839135,DQAETAGAR,86.762985,11.630977,1.386036934,0.220005861,13.2370205,3.102493,FALSE,human
NS3,309,13640,FALSE,0.752025171,QAETAGARL,86.121704,11.642229,1.994134906,0.2419355,13.8783,3.116746,FALSE,human
NS3,310,13620,FALSE,1.135494396,AETAGARLV,81.19677,10.315713,8.157121502,0.33039648,18.80323,3.0847325,FALSE,human
NS3,311,13603,FALSE,1.163492194,ETAGARLVV,81.063,10.277144,8.314342356,0.34551204,18.936998,3.2608695,FALSE,human
NS3,312,13597,FALSE,1.170356648,TAGARLVVL,81.06936,10.355226,8.266529155,0.308891671,18.930647,3.069153,FALSE,human
NS3,313,13594,FALSE,1.124500811,AGARLVVLA,81.24173,10.504635,7.952037142,0.301603667,18.758276,2.9019606,FALSE,human
NS3,314,13599,FALSE,1.090492768,GARLVVLAT,81.43246,10.589014,7.76527663,0.213250987,18.567541,2.2574258,FALSE,human
NS3,315,13598,FALSE,1.093274383,ARLVVLATA,81.423744,10.589792,7.780555754,0.205912644,18.576262,2.2169437,FALSE,human
NS3,316,13634,FALSE,0.846890273,RLVVLATAT,82.67567,14.947924,2.200381454,0.17603052,17.324335,1.7781541,FALSE,human
NS3,317,13633,FALSE,0.834928955,LVVLATATP,82.7184,14.941685,2.178537308,0.161373124,17.281597,1.6553481,FALSE,human
NS3,318,13638,FALSE,0.761205959,VVLATATPP,83.44332,14.936207,1.481155564,0.139316607,16.55668,1.4614704,FALSE,human
NS3,319,13657,FALSE,0.075229925,VLATATPPG,99.30438,0.4320129,0.131800543,0.131800541,0.695614,26.31579,FALSE,human
NS3,320,13679,FALSE,0.121319797,LATATPPGS,98.62563,1.1623657,0.080415235,0.131588568,1.3743695,12.765958,FALSE,human
NS3,321,13289,FALSE,0.796914104,ATATPPGSV,81.51855,16.916246,1.444804013,0.120400331,18.481451,1.0993485,FALSE,human
NS3,322,13290,FALSE,0.805610143,TATPPGSVT,81.42212,16.90745,1.542513152,0.127915718,18.577879,1.2150669,FALSE,human
NS3,323,13286,FALSE,0.957643536,ATPPGSVTV,79.63269,16.746952,3.447237652,0.17311456,20.367304,1.4781966,FALSE,human
NS3,324,13265,FALSE,1.021655344,TPPGSVTVP,79.0049,16.698078,4.108556245,0.188465893,20.9951,1.6517056,FALSE,human
NS3,325,13265,FALSE,1.021642605,PPGSVTVPH,79.02752,16.705616,4.116095045,0.150772714,20.972485,1.4737599,FALSE,human
NS3,326,13213,FALSE,1.688700071,PGSVTVPHP,71.626434,8.52191,19.67002171,0.181639296,28.373571,1.7871432,FALSE,human
NS3,327,13196,FALSE,1.821792194,GSVTVPHPN,70.36981,8.472264,20.90785095,0.250075782,29.63019,2.225064,FALSE,human
NS3,328,13195,FALSE,1.817301505,SVTVPHPNI,70.36756,8.480485,20.89427827,0.257673352,29.632437,2.2506394,FALSE,human
NS3,329,13185,FALSE,1.98857673,VTVPHPNIE,68.21388,8.115283,23.27645015,0.394387552,31.78612,2.5769506,FALSE,human
NS3,330,13566,FALSE,1.433438734,TVPHPNIEE,76.68436,12.855668,10.12826184,0.331711619,23.315643,2.6557066,FALSE,human
NS3,331,13507,FALSE,1.67575795,VPHPNIEEV,74.479904,12.77856,12.33434528,0.407196262,25.520102,3.3072238,FALSE,human
NS3,332,13470,FALSE,1.709417028,PHPNIEEVA,72.435036,14.350409,12.85077952,0.36377133,27.564959,3.016429,FALSE,human
NS3,333,13499,FALSE,1.649548313,HPNIEEVAL,73.035034,14.371435,12.26016758,0.33335802,26.96496,2.802198,FALSE,human
NS3,334,13442,FALSE,2.135753522,PNIEEVALS,69.87799,7.506324,22.06516877,0.550513306,30.122005,3.9515932,FALSE,human
NS3,335,13389,FALSE,2.637780461,NIEEVALST,44.2154,32.33998,22.6155802,0.829038776,55.7846,2.8651762,FALSE,human
NS3,336,13145,FALSE,3.133315225,IEEVALSTT,44.998096,21.681248,32.33168468,0.988969202,55.001904,3.679115,FALSE,human
NS3,337,13151,FALSE,3.116911059,EEVALSTTG,45.02319,21.67896,32.33214222,0.965706095,54.97681,3.6376212,FALSE,human
NS3,338,13155,FALSE,3.004701042,EVALSTTGE,45.678448,21.976435,31.53933812,0.805777264,54.321552,3.0646515,FALSE,human
NS3,339,13071,FALSE,3.250900287,VALSTTGEI,44.37304,20.87828,33.78471437,0.963966024,55.626957,3.6446154,FALSE,human
NS3,340,13124,FALSE,2.999004142,ALSTTGEIP,45.611095,21.54831,32.11673216,0.72386466,54.388905,2.8159149,FALSE,human
NS3,341,13158,FALSE,2.805442004,LSTTGEIPF,46.868824,22.53382,30.00456049,0.592795242,53.131176,2.288657,FALSE,human
NS3,342,13161,FALSE,2.810190446,STTGEIPFY,46.86574,22.528683,30.00531875,0.600258353,53.134262,2.3023021,FALSE,human
NS3,343,13187,FALSE,2.531241708,TTGEIPFYG,49.55638,23.098507,27.01145044,0.333661926,50.44362,1.5634395,FALSE,human
NS3,344,13274,FALSE,1.665578124,TGEIPFYGK,73.35392,8.053337,18.39686548,0.195871624,26.646074,1.5832627,FALSE,human
NS3,345,13538,FALSE,0.494385359,GEIPFYGKA,93.2117,4.129118,2.526222393,0.132959079,6.788299,3.9173014,FALSE,human
NS3,346,13524,FALSE,0.597225743,EIPFYGKAI,92.16948,4.1038156,3.586217035,0.140490972,7.8305235,3.9660056,FALSE,human
NS3,347,13518,FALSE,0.61703782,IPFYGKAIP,91.97366,4.0982394,3.765349996,0.162745968,8.026336,4.1474657,FALSE,human
NS3,348,13492,FALSE,1.39529066,PFYGKAIPL,59.865105,35.028164,4.914023195,0.1927068,40.134895,1.0710988,FALSE,human
NS3,349,13451,FALSE,2.022571407,FYGKAIPLE,54.54613,30.027508,15.07694613,0.349416396,45.45387,1.7827935,FALSE,human
NS3,350,12713,FALSE,3.696546543,YGKAIPLEV,27.082516,19.106426,52.90647379,0.90458586,72.91749,2.8910463,FALSE,human
NS3,351,12699,FALSE,3.755320222,GKAIPLEVI,27.002127,19.072367,52.799432,1.126072948,72.99787,3.4627833,FALSE,human
NS3,352,12597,FALSE,3.884592272,KAIPLEVIK,26.688894,18.528221,53.47304934,1.30983567,73.31111,3.8115864,FALSE,human
NS3,353,12596,FALSE,3.844536737,AIPLEVIKG,26.79422,18.45824,53.56462525,1.182915172,73.20578,3.4811842,FALSE,human
NS3,354,12602,FALSE,3.810765999,IPLEVIKGG,26.932234,18.481194,53.49944461,1.087128976,73.067764,3.2145958,FALSE,human
NS3,355,12605,FALSE,3.743848005,PLEVIKGGR,27.028957,18.556128,53.53431073,0.88060296,72.97105,2.739726,FALSE,human
NS3,356,12608,FALSE,3.744417501,LEVIKGGRH,27.006662,18.559645,53.61675165,0.816941616,72.99334,2.6295774,FALSE,human
NS3,357,12700,FALSE,2.978857335,EVIKGGRHL,29.740158,26.102362,43.60629867,0.55118112,70.25984,1.8603609,FALSE,human
NS3,358,12713,FALSE,2.71798789,VIKGGRHLI,30.158106,26.877998,42.63352286,0.330370488,69.84189,1.0924654,FALSE,human
NS3,359,13469,FALSE,0.720786023,IKGGRHLIF,89.29393,6.221694,4.328458042,0.155913576,10.706065,2.704577,FALSE,human
NS3,360,13481,FALSE,0.318564756,KGGRHLIFC,95.97953,1.9508939,1.958311706,0.111267711,4.0204735,4.9815497,FALSE,human
NS3,361,13600,FALSE,0.17408978,GGRHLIFCH,97.98529,1.2058823,0.713235263,0.095588229,2.014706,8.029197,FALSE,human
NS3,362,13607,FALSE,0.1277898,GRHLIFCHS,98.54487,1.205262,0.169030643,0.080840745,1.4551334,10.10101,FALSE,human
NS3,363,13574,FALSE,0.429026133,RHLIFCHSK,93.075,5.495801,1.340798574,0.0884043,6.925004,2.2340426,FALSE,human
NS3,364,13549,FALSE,0.641441446,HLIFCHSKK,89.92545,5.409993,4.561222317,0.103328662,10.074544,2.1245422,FALSE,human
NS3,365,13550,FALSE,0.642837693,LIFCHSKKK,89.91882,5.416974,4.583025824,0.081180814,10.081181,1.9033674,FALSE,human
NS3,366,13554,FALSE,0.635217215,IFCHSKKKC,89.91441,5.4227533,4.57429542,0.088534752,10.085584,1.975128,FALSE,human
NS3,367,13546,FALSE,0.636636392,FCHSKKKCD,90.18899,5.4259562,4.27432446,0.110733791,9.811015,2.3325808,FALSE,human
NS3,368,13549,FALSE,0.649201628,CHSKKKCDE,90.04355,5.4247546,4.420990315,0.110709281,9.956454,2.3721275,FALSE,human
NS3,369,13532,FALSE,1.193421447,HSKKKCDEL,82.51552,5.365061,11.94206331,0.177357372,17.484482,2.155537,FALSE,human
NS3,370,13525,FALSE,1.213484952,SKKKCDELA,82.247696,5.3604436,12.20702428,0.184842885,17.75231,2.4989588,FALSE,human
NS3,371,13410,FALSE,2.050779448,KKKCDELAA,72.05817,4.668158,22.84862082,0.425055937,27.941835,3.4427543,FALSE,human
NS3,372,13419,FALSE,2.058249419,KKCDELAAK,73.92503,3.3609061,22.13279694,0.58126536,26.07497,5.1157475,FALSE,human
NS3,373,13446,FALSE,1.864570728,KCDELAAKL,76.1416,3.7334523,19.56715771,0.55778667,23.858397,5.143391,FALSE,human
NS3,374,13365,FALSE,3.134568187,CDELAAKLV,41.90797,30.10101,27.01833112,0.972689861,58.092033,3.426069,FALSE,human
NS3,375,13042,FALSE,4.042681611,DELAAKLVA,36.88851,18.655113,42.85385713,1.602515024,63.111485,5.187705,FALSE,human
NS3,376,13026,FALSE,4.28175116,ELAAKLVAL,32.93413,18.685705,46.62981678,1.750345512,67.06587,5.380037,FALSE,human
NS3,377,13024,FALSE,4.291636858,LAAKLVALG,32.862408,18.703932,46.71375869,1.71990168,67.137596,5.3064957,FALSE,human
NS3,378,12843,FALSE,4.927777421,AAKLVALGI,16.584911,16.444756,64.70450632,2.265825813,83.41509,5.1806216,FALSE,human
NS3,379,12847,FALSE,4.898949829,AKLVALGIN,16.649801,16.447418,64.62987387,2.272904231,83.3502,5.127008,FALSE,human
NS3,380,12940,FALSE,4.447412357,KLVALGINA,18.338486,17.387945,62.81298409,1.460587275,81.661514,3.4636133,FALSE,human
NS3,381,12954,FALSE,4.266450142,LVALGINAV,18.534815,17.577583,62.83773393,1.049868728,81.46519,2.7196057,FALSE,human
NS3,382,12944,FALSE,4.305977244,VALGINAVA,18.533684,17.56026,62.8244748,1.08158218,81.46632,2.8165007,FALSE,human
NS3,383,12959,FALSE,3.776556058,ALGINAVAY,20.325644,18.550816,60.37503013,0.748514565,79.674355,1.9467313,FALSE,human
NS3,384,13289,FALSE,2.650225794,LGLNAVAYY,31.221312,27.902777,40.43946151,0.436451201,68.77869,1.2363238,FALSE,human
NS3,385,13318,FALSE,1.989456629,GLNAVAYYR,38.384144,31.438654,29.93692627,0.240276307,61.61586,0.828662,FALSE,human
NS3,386,13322,FALSE,1.986342464,LNAVAYYRG,38.38763,31.50428,29.89791426,0.210178668,61.612366,0.76754385,FALSE,human
NS3,387,13544,FALSE,0.499330967,NAVAYYRGL,94.17454,2.1411695,3.529238096,0.155050209,5.8254576,5.9569077,FALSE,human
NS3,388,13547,FALSE,0.476100805,AVAYYRGLD,94.33085,2.1406953,3.410349159,0.118107328,5.669152,5.46875,FALSE,human
NS3,389,13546,FALSE,0.464258438,VAYYRGLDV,94.38211,2.1482356,3.336778364,0.132880549,5.6178946,5.3876476,FALSE,human
NS3,390,13545,FALSE,0.487649032,AYYRGLDVS,94.263565,2.1262457,3.477297911,0.132890364,5.736434,5.4054055,FALSE,human
NS3,391,13457,FALSE,0.656053029,YYRGLDVSV,92.07847,2.0435462,5.714498013,0.163483694,7.921528,4.5028143,FALSE,human
NS3,392,13511,FALSE,0.519253032,YRGLDVSVI,93.93827,1.9317594,3.95233505,0.177633048,6.0617275,5.3724055,FALSE,human
NS3,393,13511,FALSE,0.511560368,RGLDVSVIP,93.94568,1.9391607,3.937532296,0.177633048,6.054326,5.2567234,FALSE,human
NS3,394,13258,FALSE,1.130067513,GLDVSVIPT,84.16051,5.634334,9.933625029,0.271534169,15.839493,3.3809524,FALSE,human
NS3,395,13150,FALSE,1.9082362,LDVSVIPTS,74.47149,4.5855513,20.47908724,0.463878282,25.528517,4.110813,FALSE,human
NS3,396,13160,FALSE,1.775201171,DVSVIPTSG,75.866264,4.589666,19.21732506,0.326747712,24.13374,3.4634762,FALSE,human
NS3,397,13142,FALSE,2.004671493,VSVIPTSGD,72.29493,4.360067,22.97215075,0.372850423,27.705067,3.4056578,FALSE,human
NS3,398,13123,FALSE,2.011721758,SVIPTSGDV,72.20148,4.351139,23.03589154,0.411491254,27.798521,3.618421,FALSE,human
NS3,399,13117,FALSE,1.983769187,VIPTSGDVV,72.74529,4.337882,22.54326474,0.373561026,27.254707,3.3566434,FALSE,human
NS3,400,13191,FALSE,1.8263972,IPTSGDVVV,74.31582,4.41968,20.93851819,0.325979844,25.684177,3.0696576,FALSE,human
NS3,401,13192,FALSE,2.013349332,PTSGDVVVV,71.85416,4.3738627,23.37022447,0.401758635,28.145847,3.3934824,FALSE,human
NS3,402,13183,FALSE,2.0375572,TSGDVVVVA,71.5922,4.3768487,23.55306084,0.477888201,28.407797,3.8184245,FALSE,human
NS3,403,13425,FALSE,1.490765398,SGDVVVVAT,79.344505,3.5977654,16.81936673,0.238361248,20.655493,2.8849623,FALSE,human
NS3,404,13547,FALSE,0.923203752,GDVVVVATD,84.4246,9.773382,5.669151886,0.132870744,15.575404,1.8957347,FALSE,human
NS3,405,13549,FALSE,0.916887072,DVVVVATDA,84.43428,9.757177,5.683076355,0.125470518,15.565724,1.8966334,FALSE,human
NS3,406,13574,FALSE,0.689749916,VVVVATDAL,87.91071,9.776042,2.202740567,0.110505375,12.089289,1.9500304,FALSE,human
NS3,407,13591,FALSE,0.671475313,VVVATDALM,88.080345,9.763815,2.067544727,0.08829372,11.919653,1.728395,FALSE,human
NS3,408,13601,FALSE,0.608769473,VVATDALMT,88.82435,9.786045,1.279317681,0.110286,11.175649,1.9078947,FALSE,human
NS3,409,13616,FALSE,0.552596815,VATDALMTG,89.05699,10.289366,0.558166856,0.095475913,10.943008,1.6107383,FALSE,human
NS3,410,13233,FALSE,1.016169686,ATDALMTGF,61.732037,37.65586,0.506309993,0.105796117,38.267967,0.43443915,FALSE,human
NS3,411,13235,FALSE,1.017000438,TDALMTGFT,61.677372,37.710617,0.528900657,0.083112953,38.32263,0.41403785,FALSE,human
NS3,412,13231,FALSE,1.019293946,DALMTGFTG,61.673344,37.729572,0.521502524,0.075580077,38.326656,0.39439952,FALSE,human
NS3,413,13228,FALSE,1.047107627,ALMTGFTGD,61.566376,37.594498,0.755972205,0.083156945,38.433628,0.47206926,FALSE,human
NS3,414,13226,FALSE,1.044689144,LMTGFTGDF,61.53788,37.60018,0.763647366,0.098291245,38.46212,0.5307647,FALSE,human
NS3,415,13225,FALSE,1.047352402,MTGFTGDFD,61.504726,37.603024,0.763705114,0.128544419,38.495274,0.6089177,FALSE,human
NS3,416,13220,FALSE,1.091344584,TGFTGDFDS,61.293495,37.39032,1.217851765,0.098335855,38.706505,0.6058237,FALSE,human
NS3,417,13221,FALSE,1.092681194,GFTGDFDSV,61.303986,37.3648,1.232887065,0.09832842,38.696014,0.60594213,FALSE,human
NS3,418,13214,FALSE,1.139018243,FTGDFDSVI,61.056454,37.06675,1.740578173,0.136219171,38.943542,0.7384376,FALSE,human
NS3,419,13596,FALSE,0.186823267,TGDFDSVID,98.16858,0.5075022,1.25036774,0.073551047,1.831421,10.843374,FALSE,human
NS3,420,13603,FALSE,0.141231676,GDFDSVIDC,98.56649,0.5072411,0.845401748,0.08086452,1.4335073,12.820514,FALSE,human
NS3,421,13600,FALSE,0.155170929,DFDSVIDCN,98.51471,0.50735295,0.889705898,0.088235288,1.4852941,14.356436,FALSE,human
NS3,422,13587,FALSE,0.695973694,FDSVIDCNT,86.6122,11.805403,1.449915345,0.132479586,13.387797,1.9791094,FALSE,human
NS3,423,13583,FALSE,0.894899577,DSVIDCNTC,85.38615,10.086137,4.343664972,0.18405359,14.613855,2.6700253,FALSE,human
NS3,424,13585,FALSE,0.891895114,SVIDCNTCV,85.4251,10.092013,4.31358114,0.16930438,14.574899,2.4747474,FALSE,human
NS3,425,13550,FALSE,1.061478551,VIDCNTCVT,84.54613,7.335793,7.918819178,0.199261998,15.453875,3.2473736,FALSE,human
NS3,426,13549,FALSE,1.065018786,IDCNTCVTQ,84.559746,7.3363347,7.889880984,0.214037942,15.440254,3.2982793,FALSE,human
NS3,427,13535,FALSE,1.108818942,DCNTCVTQT,84.418175,7.469524,7.816771339,0.295530112,15.581825,3.9355145,FALSE,human
NS3,428,13541,FALSE,1.117670102,CNTCVTQTV,84.40292,7.451444,7.813307874,0.332324055,15.597075,4.403409,FALSE,human
NS3,429,13542,FALSE,1.131582034,NTCVTQTVD,84.29331,7.4582777,7.916112749,0.332299503,15.70669,4.41937,FALSE,human
NS3,430,13542,FALSE,1.134005669,TCVTQTVDF,84.3007,7.4582777,7.930881817,0.310146203,15.6993065,4.374412,FALSE,human
NS3,431,13553,FALSE,1.047682281,CVTQTVDFS,85.18409,7.4596033,7.149708478,0.206596331,14.8159075,3.73506,FALSE,human
NS3,432,13552,FALSE,0.965790666,VTQTVDFSL,85.47816,7.644628,6.692739223,0.184474605,14.521842,2.9471545,FALSE,human
NS3,433,13552,FALSE,0.95596969,TQTVDFSLD,85.44864,7.637249,6.707497192,0.206611558,14.551358,3.144016,FALSE,human
NS3,434,13591,FALSE,0.787258365,QTVDFSLDP,87.62416,7.630049,4.56184231,0.18394525,12.375836,2.6753864,FALSE,human
NS3,435,13591,FALSE,0.786598678,TVDFSLDPT,87.60209,7.622691,4.59127354,0.18394525,12.397911,2.7299705,FALSE,human
NS3,436,13615,FALSE,0.115512038,VDFSLDPTF,99.045166,0.19096585,0.653690784,0.110172609,0.9548293,22.307692,FALSE,human
NS3,437,13607,FALSE,0.583398012,DFSLDPTFT,88.98361,10.097744,0.720217535,0.198427282,11.016389,2.7351568,FALSE,human
NS3,438,13607,FALSE,0.59347951,FSLDPTFTI,88.92482,10.068347,0.830454905,0.176379806,11.075182,2.786994,FALSE,human
NS3,439,13510,FALSE,0.79846137,SLDPTFTIE,86.26943,10.096225,3.456698736,0.17764619,13.730571,2.695418,FALSE,human
NS3,440,13509,FALSE,0.872644784,LDPTFTIET,85.55778,10.074765,4.108372049,0.259086545,14.442224,3.126602,FALSE,human
NS3,441,13481,FALSE,1.02709454,DPTFTIETT,84.94177,7.566204,7.158222539,0.333803133,15.058229,4.039409,FALSE,human
NS3,442,13477,FALSE,1.02524804,PTFTIETTT,84.92246,7.5758705,7.190027522,0.311642058,15.0775385,4.0846457,FALSE,human
NS3,443,13440,FALSE,1.980410936,TFTIETTTL,47.33631,36.875,15.31994012,0.468750032,52.66369,1.7095225,FALSE,human
NS3,444,13441,FALSE,1.993101676,FTIETTTLP,47.325348,36.86482,15.3560001,0.453835273,52.674652,1.6949153,FALSE,human
NS3,445,13444,FALSE,1.983916306,TIETTTLPQ,47.359417,36.84915,15.34513543,0.44629575,52.64058,1.6673733,FALSE,human
NS3,446,13447,FALSE,1.828065678,IETTTLPQD,47.490147,39.257828,12.86532272,0.386703356,52.509857,1.4020677,FALSE,human
NS3,447,13442,FALSE,1.843760497,ETTTLPQDA,47.500374,39.06413,13.07097138,0.364529081,52.499626,1.346181,FALSE,human
NS3,448,13542,FALSE,1.772990286,TTTLPQDAV,47.65175,39.632256,12.38369544,0.332299503,52.34825,1.1567216,FALSE,human
NS3,449,13533,FALSE,1.785842778,TTLPQDAVS,48.11941,39.067467,12.5027708,0.310352477,51.880585,1.1821678,FALSE,human
NS3,450,13560,FALSE,1.578056444,TLPQDAVSR,48.370205,41.33481,10.04424747,0.250737461,51.629795,0.82845306,FALSE,human
NS3,451,13521,FALSE,1.782153467,LPQDAVSRT,46.9344,39.80475,12.97980911,0.281044299,53.065605,0.9477352,FALSE,human
NS3,452,13559,FALSE,1.186134393,PQDAVSRSQ,49.487423,48.477028,1.814293125,0.221255268,50.512577,0.68623155,FALSE,human
NS3,453,13550,FALSE,1.188673276,QDAVSRSQR,49.520294,48.457565,1.815498163,0.206642072,50.479706,0.65789473,FALSE,human
NS3,454,13548,FALSE,1.18992353,DAVSRSQRR,49.512844,48.420433,1.860053117,0.206672578,50.487156,0.65789473,FALSE,human
NS3,455,13548,FALSE,1.188391634,AVSRSQRRG,49.512844,48.442574,1.823147309,0.221434905,50.487156,0.65789473,FALSE,human
NS3,456,13554,FALSE,1.140252251,VSRSQRRGR,50.01476,48.480152,1.291131771,0.213958984,49.985245,0.6051661,FALSE,human
NS3,457,13553,FALSE,1.139208168,SRSQRRGRT,50.033207,48.48373,1.276470137,0.206596331,49.966797,0.5759008,FALSE,human
NS3,458,13575,FALSE,1.056947852,RSQRRGRTG,50.90976,48.58195,0.353591152,0.154696122,49.09024,0.43517408,FALSE,human
NS3,459,13582,FALSE,1.054307171,SQRRGRTGR,50.88352,48.623177,0.316595498,0.176704454,49.116478,0.46469793,FALSE,human
NS3,460,13625,FALSE,0.037066011,QRRGRTGRG,99.69174,0.044036698,0.132110091,0.132110093,0.30825686,61.904762,FALSE,human
NS3,461,13545,FALSE,1.026010998,RRGRTGRGR,53.746773,46.01698,0.07382798,0.162421556,46.25323,0.44692737,FALSE,human
NS3,462,13346,FALSE,2.791349745,RGRTGRGKP,43.601078,16.229582,39.97452613,0.194814924,56.398922,0.7041318,FALSE,human
NS3,463,13347,FALSE,2.782032032,GRTGRGKPG,43.605305,16.235859,39.95654392,0.202292656,56.394695,0.7174173,FALSE,human
NS3,464,13223,FALSE,3.196216007,RTGRGKPGI,41.616882,15.820917,42.31263772,0.24956514,58.383118,1.2435234,FALSE,human
NS3,465,13224,FALSE,3.18101511,TGRGKPGIY,41.613735,15.827283,42.2943139,0.26467028,58.386265,1.2692657,FALSE,human
NS3,466,13223,FALSE,3.190933764,GRGKPGIYR,41.601753,15.820917,42.32776247,0.24956514,58.398247,1.2691013,FALSE,human
NS3,467,13207,FALSE,3.410353143,RGKPGIYRF,40.425533,15.491785,43.7268112,0.355871874,59.574467,1.7539401,FALSE,human
NS3,468,13200,FALSE,3.40961305,GKPGIYRFV,40.363636,15.5,43.78030299,0.356060626,59.636368,1.7657521,FALSE,human
NS3,469,13081,FALSE,3.922543031,KPGIYRFVA,37.107258,13.416405,48.8188971,0.65744211,62.892746,2.7348974,FALSE,human
NS3,470,13155,FALSE,3.656718763,PGIYRFVAP,40.72216,14.101103,44.51539356,0.66134549,59.27784,2.769941,FALSE,human
NS3,471,13337,FALSE,2.250228246,GIYRFVAPG,44.267826,37.23476,18.15250824,0.344905162,55.732174,1.2646307,FALSE,human
NS3,472,13335,FALSE,2.24381767,IYRFVAPGE,44.25197,37.232845,18.17772788,0.337457813,55.74803,1.2779123,FALSE,human
NS3,473,13464,FALSE,1.861004277,YRFVAPGER,45.49168,39.705883,14.54991094,0.252525249,54.508316,0.8720534,FALSE,human
NS3,474,13464,FALSE,1.87590343,RFVAPGERP,45.49911,39.720737,14.52762917,0.252525249,54.50089,0.91305536,FALSE,human
NS3,475,13461,FALSE,1.86592056,FVAPGERPS,45.50182,39.744446,14.50858008,0.245152644,54.498177,0.88604146,FALSE,human
NS3,476,13481,FALSE,1.401442756,VAPGERPSG,48.942955,45.968403,4.880943697,0.207699727,51.05704,0.7990702,FALSE,human
NS3,477,13435,FALSE,1.530167789,APGERPSGM,48.23223,45.27726,6.237439509,0.25307033,51.767773,0.96333575,FALSE,human
NS3,478,13570,FALSE,0.493973718,PGERPSGMF,94.340454,1.3338246,4.12675031,0.198968319,5.659543,6.5104165,FALSE,human
NS3,479,13572,FALSE,0.266340511,GERPSGMFD,97.030655,1.5104628,1.30415561,0.154730323,2.9693487,8.436725,FALSE,human
NS3,480,13564,FALSE,0.391402957,ERPSGMFDS,95.74609,1.2975523,2.80890596,0.147449132,4.2539077,6.5857887,FALSE,human
NS3,481,13550,FALSE,0.906777266,RPSGMFDSS,85.86716,9.269372,4.64206632,0.22140222,14.132841,3.0809398,FALSE,human
NS3,482,13421,FALSE,1.142554315,PSGMFDSSV,82.33366,9.358468,8.024737608,0.28313838,17.666344,3.2475748,FALSE,human
NS3,483,13417,FALSE,1.139006608,SGMFDSSVL,82.045166,9.793546,7.848252274,0.313035702,17.954834,3.4454129,FALSE,human
NS3,484,13417,FALSE,1.142800086,GMFDSSVLC,82.08988,9.756279,7.855705526,0.29812924,17.910114,3.4124012,FALSE,human
NS3,485,13416,FALSE,1.163804495,MFDSSVLCE,81.99165,9.749553,7.960643934,0.29815144,18.008348,3.4768212,FALSE,human
NS3,486,13424,FALSE,1.118980618,FDSSVLCEC,82.50149,9.363826,7.896304969,0.238379018,17.49851,2.894849,FALSE,human
NS3,487,13424,FALSE,1.11279766,DSSVLCECY,82.50894,9.378724,7.903754308,0.20858164,17.49106,2.6831346,FALSE,human
NS3,488,13421,FALSE,1.107428861,SSVLCECYD,82.51993,9.380821,7.89806984,0.20117727,17.480068,2.6001704,FALSE,human
NS3,489,13393,FALSE,1.133648115,SVLCECYDA,82.52818,9.213769,8.063914014,0.194131262,17.471813,2.8632479,FALSE,human
NS3,490,13408,FALSE,0.632971216,VLCECYDAG,92.04952,3.445704,4.348150304,0.156622914,7.950477,4.596623,FALSE,human
NS3,491,13533,FALSE,0.537542075,LCECYDAGC,93.97029,1.6256558,4.211926313,0.192122962,6.0297055,6.3725495,FALSE,human
NS3,492,13538,FALSE,0.856872873,CECYDAGCA,87.575714,6.9138722,5.288816713,0.221598465,12.424287,3.6860878,FALSE,human
NS3,493,13539,FALSE,0.860116771,ECYDAGCAW,87.56186,6.9133615,5.31058419,0.214196021,12.438142,3.5629456,FALSE,human
NS3,494,13532,FALSE,0.86985478,CYDAGCAWY,87.511086,6.916938,5.35028083,0.221696715,12.488915,3.6686392,FALSE,human
NS3,495,13533,FALSE,0.892035507,YDAGCAWYE,87.25338,6.7981973,5.72674202,0.221680341,12.746618,3.652174,FALSE,human
NS3,496,13528,FALSE,0.884008771,DAGCAWYEL,87.28563,6.7933173,5.699290305,0.221762262,12.71437,3.6627908,FALSE,human
NS3,497,13485,FALSE,0.96053353,AGCAWYELT,86.81498,6.733408,6.192065333,0.259547645,13.1850195,4.5556808,FALSE,human
NS3,498,13522,FALSE,0.745441316,GCAWYELTP,88.92175,6.929448,3.963910622,0.1848839,11.078243,3.8050733,FALSE,human
NS3,499,13479,FALSE,0.905547826,CAWYELTPA,86.979744,7.077676,5.697752177,0.244825277,13.020253,4.3874645,FALSE,human
NS3,500,13479,FALSE,0.774017142,AWYELTPAE,88.63417,7.0925145,4.095259267,0.178054747,11.3658285,3.9817233,FALSE,human
NS3,501,13476,FALSE,0.752307506,WYELTPAET,88.74295,7.2647667,3.814188068,0.178094388,11.25705,3.9551747,FALSE,human
NS3,502,13446,FALSE,1.617593237,YELTPAETT,55.057262,33.668007,10.99211661,0.282611913,44.942734,1.2907497,FALSE,human
NS3,503,13425,FALSE,1.710615384,ELTPAETTV,54.16015,33.437614,12.11173176,0.290502771,45.83985,1.4137146,FALSE,human
NS3,504,13427,FALSE,1.678331726,LTPAETTVR,54.360615,33.47732,11.90884081,0.253221137,45.639385,1.2075717,FALSE,human
NS3,505,13428,FALSE,1.682121537,TPAETTVRL,54.356567,33.46738,11.93029479,0.245755138,45.643433,1.191059,FALSE,human
NS3,506,13468,FALSE,1.287332095,PAETTVRLR,62.04336,33.56846,4.172854294,0.215325232,37.95664,1.0758998,FALSE,human
NS3,507,13402,FALSE,1.319006404,AETTVRLRA,61.61021,33.703926,4.469482196,0.216385617,38.389793,1.1078718,FALSE,human
NS3,508,13442,FALSE,1.133879419,ETTVRLRAY,64.02321,33.804493,2.023508452,0.14878738,35.976788,0.86848634,FALSE,human
NS3,509,13424,FALSE,1.817521222,TTVRLRAYM,46.513706,33.618893,19.65881979,0.20858164,53.486294,0.8635097,FALSE,human
NS3,510,13425,FALSE,1.967952043,TVRLRAYMN,46.56238,33.60149,19.61266334,0.22346367,53.437614,0.89211035,FALSE,human
NS3,511,13447,FALSE,1.687563151,VRLRAYMNT,46.523388,41.17647,12.10678994,0.193351678,53.476612,0.8760952,FALSE,human
NS3,512,13462,FALSE,1.625366833,RLRAYMNTP,46.360126,41.606003,11.84816526,0.185707925,53.639877,0.7478189,FALSE,human
NS3,513,13460,FALSE,1.619583255,LRAYMNTPG,46.367012,41.597324,11.84992599,0.185735513,53.632988,0.7341737,FALSE,human
NS3,514,13461,FALSE,1.610903506,RAYMNTPGL,46.400715,41.609093,11.79704315,0.193150568,53.599285,0.73458076,FALSE,human
NS3,515,13462,FALSE,1.616165959,AYMNTPGLP,46.404694,41.59857,11.82588043,0.170851291,53.595306,0.6791407,FALSE,human
NS3,516,13526,FALSE,1.58750912,YMNTPGLPV,46.89487,41.41653,11.51116374,0.177436051,53.105133,0.6682445,FALSE,human
NS3,517,13523,FALSE,1.589592828,MNTPGLPVC,46.890484,41.39614,11.54329655,0.170080607,53.109516,0.6683375,FALSE,human
NS3,518,13541,FALSE,0.540037894,NTPGLPVCQ,91.01248,7.7173033,1.100361859,0.169854517,8.987519,3.697617,FALSE,human
NS3,519,13543,FALSE,0.128271232,TPGLPVCQD,98.92934,0.11814222,0.826995513,0.125526106,1.0706638,26.206896,FALSE,human
NS3,520,13548,FALSE,0.100444689,PGLPVCQDH,99.17331,0.10333628,0.612636564,0.110717453,0.82669026,27.67857,FALSE,human
NS3,521,13559,FALSE,0.089888357,GLPVCQDHL,99.26985,0.095877275,0.494136743,0.140128336,0.7301423,33.333336,FALSE,human
NS3,522,13560,FALSE,0.481698419,LPVCQDHLE,91.68141,7.5294986,0.634218282,0.154867255,8.318584,3.3687942,FALSE,human
NS3,523,13561,FALSE,0.479661024,PVCQDHLEF,91.65991,7.521569,0.678416072,0.140107672,8.340093,3.3598588,FALSE,human
NS3,524,13562,FALSE,0.479575902,VCQDHLEFW,91.68264,7.5210147,0.678366013,0.117976696,8.317357,3.1028368,FALSE,human
NS3,525,13562,FALSE,0.48079884,CQDHLEFWE,91.72688,7.5210147,0.64887184,0.103229609,8.273116,2.9411764,FALSE,human
NS3,526,13525,FALSE,1.489680037,QDHLEFWEG,57.153423,32.37708,10.32902042,0.140480593,42.84658,0.74201894,FALSE,human
NS3,527,13527,FALSE,1.463003728,DHLEFWEGV,57.29282,32.475792,10.09092951,0.140459828,42.707176,0.6577808,FALSE,human
NS3,528,13520,FALSE,1.4826484,HLEFWEGVF,57.174557,32.463017,10.22189319,0.14053255,42.825443,0.69084626,FALSE,human
NS3,529,13510,FALSE,1.520735456,LEFWEGVFT,56.898594,32.39082,10.56254655,0.148038492,43.101406,0.82431734,FALSE,human
NS3,530,13509,FALSE,1.512254599,EFWEGVFTG,56.895405,32.400623,10.57073051,0.133244509,43.1046,0.7899708,FALSE,human
NS3,531,13498,FALSE,1.232357138,FWEGVFTGL,57.082527,39.568825,3.222699776,0.12594459,42.91747,0.6904885,FALSE,human
NS3,532,13477,FALSE,1.300360223,WEGVFTGLT,56.800472,39.170437,3.858425411,0.170661127,43.199524,0.94469255,FALSE,human
NS3,533,13377,FALSE,1.432377993,EGVFTGLTH,55.946774,38.581146,5.2029604,0.269118637,44.053226,1.2726965,FALSE,human
NS3,534,13350,FALSE,1.49604831,GVFTGLTHI,55.782772,38.104866,5.835206097,0.277153569,44.217228,1.3721837,FALSE,human
NS3,535,13377,FALSE,0.400612184,VFTGLTHID,96.09778,0.6055169,3.094864311,0.201838978,3.9022202,10.536399,FALSE,human
NS3,536,13369,FALSE,0.465258143,FTGLTHIDA,95.429726,0.68815917,3.672675586,0.209439748,4.5702744,10.310966,FALSE,human
NS3,537,13350,FALSE,0.460471851,TGLTHIDAH,95.52809,0.60674155,3.670411977,0.194756562,4.47191,10.217755,FALSE,human
NS3,538,13339,FALSE,0.462165644,GLTHIDAHF,95.57688,0.6072419,3.620961182,0.194917169,4.42312,10.677966,FALSE,human
NS3,539,13313,FALSE,0.441096506,LTHIDAHFL,95.75603,0.6084279,3.440246388,0.19529783,4.2439723,11.150443,FALSE,human
NS3,540,13309,FALSE,0.443765417,THIDAHFLS,95.81486,0.60861075,3.373656965,0.20287024,4.1851377,10.951526,FALSE,human
NS3,541,13323,FALSE,0.364142893,HIDAHFLSQ,96.45725,0.63048863,2.717105773,0.195151242,3.5427456,11.01695,FALSE,human
NS3,542,13407,FALSE,0.33594772,IDAHFLSQT,96.792725,0.59670323,2.424106845,0.18646975,3.2072797,11.627908,FALSE,human
NS3,543,13434,FALSE,0.268624633,DAHFLSQTK,97.43189,0.61039156,1.764180424,0.19353879,2.568111,13.913043,FALSE,human
NS3,544,13436,FALSE,0.279313039,AHFLSQTKQ,97.432274,0.602858,1.771360504,0.193509976,2.5677285,14.492753,FALSE,human
NS3,545,13388,FALSE,1.663239385,HFLSQTKQS,47.58739,40.42426,11.7194502,0.268897522,52.412613,0.95482403,FALSE,human
NS3,546,13413,FALSE,1.65282998,FLSQTKQSG,47.67017,40.4682,11.6081415,0.253485412,52.329826,0.8690697,FALSE,human
NS3,547,13411,FALSE,1.968807707,LSQTKQSGE,47.602715,31.750055,20.34896687,0.298262628,52.397285,0.91077274,FALSE,human
NS3,548,13393,FALSE,2.061957443,SQTKQSGEN,47.084297,31.620996,20.93631057,0.358396176,52.915703,1.1429378,FALSE,human
NS3,549,13131,FALSE,2.741628205,QTKQAGDNF,29.723555,24.019497,45.78478451,0.472165135,70.27644,1.224534,FALSE,human
NS3,550,13119,FALSE,2.850678748,TKQAGDNFP,29.4992,23.866148,46.10107483,0.533577212,70.5008,1.4379933,FALSE,human
NS3,551,13120,FALSE,2.849228615,KQAGDNFPY,29.596037,23.864328,46.09756012,0.442073181,70.40396,1.266645,FALSE,human
NS3,552,13119,FALSE,2.848871496,QAGDNFPYL,29.605917,23.866148,46.09345278,0.434484301,70.39409,1.256091,FALSE,human
NS3,553,13087,FALSE,3.234908844,AGDNFPYLV,26.086956,23.878658,49.56063244,0.473752577,73.91304,1.519694,FALSE,human
NS3,554,13082,FALSE,2.838602569,GENFPYLVA,30.45406,26.203945,43.00565647,0.336340017,69.545944,1.1321169,FALSE,human
NS3,555,13084,FALSE,2.844113764,ENFPYLVAY,30.449406,26.15408,43.04494043,0.351574458,69.5506,1.1648351,FALSE,human
NS3,556,13108,FALSE,2.062838055,NFPYLVAYQ,56.660057,24.122673,18.9502601,0.267012515,43.339943,1.3025876,FALSE,human
NS3,557,13123,FALSE,1.974624556,FPYLVAYQA,57.075363,24.43801,18.24277986,0.243846669,42.924637,1.0651518,FALSE,human
NS3,558,13390,FALSE,1.135607031,PYLVAYQAT,82.6587,5.6758776,11.49365228,0.17176998,17.3413,1.8518518,FALSE,human
NS3,559,13382,FALSE,0.78371682,YLVAYQATV,85.226425,11.814378,2.809744421,0.14945448,14.773576,1.8209409,FALSE,human
NS3,560,13386,FALSE,0.778121971,LVAYQATVC,85.238304,11.997609,2.584790092,0.179291791,14.761691,1.8724697,FALSE,human
NS3,561,13382,FALSE,0.795320377,VAYQATVCA,85.05455,11.95636,2.802271763,0.1868181,14.945449,2.1,FALSE,human
NS3,562,13407,FALSE,0.128210243,AYQATVCAR,98.82897,0.4475274,0.60416201,0.11934064,1.17103,19.745224,FALSE,human
NS3,563,13397,FALSE,0.18959518,YQATVCARA,98.12645,0.7016496,1.03008136,0.141822796,1.8735538,13.545817,FALSE,human
NS3,564,13292,FALSE,0.649584961,QATVCARAQ,91.49112,4.6569366,3.648811309,0.203129694,8.508878,5.039788,FALSE,human
NS3,565,13289,FALSE,0.64986151,ATVCARAQA,91.45158,4.6504626,3.694785124,0.203175559,8.548424,5.1056337,FALSE,human
NS3,566,13203,FALSE,0.861997414,TVCARAQAP,88.79043,4.514126,6.475801014,0.219647053,11.209574,4.4594593,FALSE,human
NS3,567,13201,FALSE,0.859012692,VCARAQAPP,88.81903,4.514809,6.43890637,0.227255508,11.180971,4.4037943,FALSE,human
NS3,568,13199,FALSE,0.849838822,CARAQAPPP,88.8931,4.538223,6.333813105,0.234866277,11.106902,4.4338336,FALSE,human
NS3,569,13195,FALSE,0.881966851,ARAQAPPPS,88.63963,4.463812,6.646456676,0.250094724,11.360364,4.803202,FALSE,human
NS3,570,13184,FALSE,0.860442076,RAQAPPPSW,88.743935,4.5813107,6.447208725,0.227548542,11.256068,4.380054,FALSE,human
NS3,571,13190,FALSE,0.84207246,AQAPPPSWD,88.80971,4.601971,6.376042498,0.212282036,11.190296,4.132791,FALSE,human
NS3,572,13159,FALSE,1.300103071,QAPPPSWDQ,82.901436,5.7603164,10.98867681,0.349570638,17.098564,4.5333333,FALSE,human
NS3,573,13253,FALSE,1.165583215,APPPSWDQM,84.84872,2.9351845,11.90673784,0.309363917,15.151286,3.934263,FALSE,human
NS3,574,13253,FALSE,1.138751515,PPPSWDQMW,84.90153,2.9351845,11.85392005,0.309363917,15.098469,3.898051,FALSE,human
NS3,575,13340,FALSE,0.974270177,PPSWDQMWK,86.7991,3.2233882,9.715142767,0.26236881,13.2009,3.7478704,FALSE,human
NS3,576,13340,FALSE,0.993823279,PSWDQMWKC,86.75413,3.2158918,9.737631276,0.292353816,13.245877,4.1312957,FALSE,human
NS3,577,13339,FALSE,1.003425289,SWDQMWKCL,86.67816,3.2161334,9.790839,0.314866196,13.321837,4.3894205,FALSE,human
NS3,578,12667,FALSE,2.033348807,WDQMWKCLI,66.49562,15.023288,18.03110485,0.449988153,33.504383,3.0160227,FALSE,human
NS3,579,12673,FALSE,2.03930478,DQMWKCLIR,66.4957,15.000394,18.04623972,0.457665936,33.504303,3.0852568,FALSE,human
NS3,580,12667,FALSE,2.051454103,QMWKCLIRL,66.479836,14.975922,18.06268278,0.481566269,33.520172,3.2501175,FALSE,human
NS3,581,12687,FALSE,1.594582464,MWKCLIRLK,69.66974,16.883425,13.13155227,0.31528336,30.33026,2.2349272,FALSE,human
NS3,582,12691,FALSE,1.432392842,WKCLIRLKP,70.191475,17.027815,12.4655268,0.31518396,29.808525,1.8503834,FALSE,human
NS3,583,12669,FALSE,1.61813071,KCLIRLKPT,68.53737,16.496962,14.52364028,0.442023848,31.462626,2.4586053,FALSE,human
NS3,584,12667,FALSE,1.617588524,CLIRLKPTL,68.595566,16.515354,14.46277714,0.426304566,31.404436,2.3629966,FALSE,human
NS3,585,12641,FALSE,1.969786865,LIRLKPTLH,66.078636,14.911795,18.41626403,0.593307525,33.921368,3.4281716,FALSE,human
NS3,586,12645,FALSE,1.964356234,IRLKPTLHG,66.16844,14.93871,18.31553955,0.577303272,33.831554,3.2959328,FALSE,human
NS3,587,13272,FALSE,0.837200592,RLKPTLHGP,90.57414,2.034358,7.127787728,0.263713083,9.425859,6.235012,FALSE,human
NS3,588,13279,FALSE,0.826934858,LKPTLHGPT,90.56405,2.0408163,7.116499803,0.278635434,9.435951,6.304868,FALSE,human
NS3,589,13289,FALSE,0.819238674,KPTLHGPTP,90.63888,2.0468056,7.058469451,0.255850704,9.361126,5.7073956,FALSE,human
NS3,590,13296,FALSE,0.797203481,PTLHGPTPL,90.81679,2.0607703,6.88929013,0.233152841,9.183213,5.4873056,FALSE,human
NS3,591,13305,FALSE,0.785068628,TLHGPTPLL,90.883125,2.0593762,6.839534121,0.217963159,9.116873,5.1112943,FALSE,human
NS3,592,13330,FALSE,0.632385654,LHGPTPLLY,92.15304,2.7981994,4.883721024,0.165041261,7.846962,4.110899,FALSE,human
NS3,593,13316,FALSE,0.640365981,HGPTPLLYR,92.12225,2.7936318,4.903875193,0.180234298,7.877741,4.480458,FALSE,human
NS3,594,13349,FALSE,0.227590265,GPTPLLYRL,97.56536,1.1161885,1.14615334,0.172297554,2.4346392,11.692307,FALSE,human
NS3,595,13345,FALSE,0.247481399,PTPLLYRLG,97.40727,1.116523,1.303859152,0.172349196,2.5927312,11.560694,FALSE,human
NS3,596,13367,FALSE,0.658001554,TPLLYRLGA,89.35438,7.825241,2.625869668,0.194508868,10.645619,3.3731554,FALSE,human
NS3,597,13362,FALSE,0.759073265,PLLYRLGAV,88.90137,6.4361625,4.445442294,0.217033373,11.098639,3.6412678,FALSE,human
NS3,598,13356,FALSE,0.917933872,LLYRLGAVQ,87.34651,6.094639,6.281820904,0.277029064,12.653489,4.3195267,FALSE,human
NS3,599,13345,FALSE,1.012453557,LYRLGAVQN,86.69914,6.0247283,6.946421996,0.329711505,13.300861,5.0704226,FALSE,human
NS3,600,13324,FALSE,1.144043251,YRLGAVQNE,85.4173,5.7865505,8.443410266,0.35274691,14.582708,5.506948,FALSE,human
NS3,601,13001,FALSE,1.989690651,RLGAVQNEV,68.68702,14.883471,15.86801018,0.561495268,31.312975,3.9056745,FALSE,human
NS3,602,12779,FALSE,2.75200362,LGAVQNEVT,59.096954,12.528367,27.56084208,0.813835152,40.903046,4.3045726,FALSE,human
NS3,603,12778,FALSE,2.900199319,GAVQNEVTL,58.937233,12.044139,27.77429952,1.244326209,41.062763,5.8890796,FALSE,human
NS3,604,12757,FALSE,2.9442104,AVQNEVTLT,58.509052,12.071804,28.10221833,1.316924112,41.490944,6.0646133,FALSE,human
NS3,605,12771,FALSE,2.731515942,VQNEVTLTH,59.96398,12.301308,26.76376158,0.97094976,40.03602,4.752591,FALSE,human
NS3,606,12776,FALSE,2.66171027,QNEVTLTHP,60.097057,12.421728,26.62805261,0.853162184,39.902943,4.1977243,FALSE,human
NS3,607,12444,FALSE,3.51738341,NEVTLTHPI,31.292189,28.792992,38.82192174,1.092896272,68.70781,3.1461987,FALSE,human
NS3,608,12420,FALSE,3.483104383,EVTLTHPIT,31.20773,28.969404,38.84863119,0.97423507,68.792274,2.8558054,FALSE,human
NS3,609,12413,FALSE,3.379523078,VTLTHPITK,31.402561,29.340208,38.42745431,0.829775313,68.597435,2.454492,FALSE,human
NS3,610,12462,FALSE,2.832097905,TLTHPITKY,38.47697,32.72348,28.20574534,0.593805156,61.523033,1.9564366,FALSE,human
NS3,611,12651,FALSE,1.96483782,LTHPITKYI,50.391273,36.803417,12.4179907,0.387321186,49.608727,1.736775,FALSE,human
NS3,612,12620,FALSE,1.916759649,THPITKYIM,52.662437,34.366085,12.61489703,0.35657685,47.33756,1.5400066,FALSE,human
NS3,613,12602,FALSE,2.742930537,HPITKYIMT,27.551184,25.575304,46.54816713,0.325345168,72.44882,1.0733845,FALSE,human
NS3,614,12592,FALSE,2.764091536,PITKYIMTC,27.557178,25.444729,46.59307556,0.40501905,72.442825,1.2168384,FALSE,human
NS3,615,12539,FALSE,2.748968065,ITKYIMTCM,27.665684,25.552277,46.37530916,0.406730967,72.33432,1.2348402,FALSE,human
NS3,616,12925,FALSE,1.846047192,TKYIMTCMS,52.12379,35.620888,11.9071568,0.34816248,47.87621,1.3736264,FALSE,human
NS3,617,12919,FALSE,1.808949038,KYIMTCMSA,52.109295,36.00898,11.58758385,0.294140406,47.890705,1.2283821,FALSE,human
NS3,618,12535,FALSE,1.780885382,YIMTCMSAD,51.591545,36.912643,11.28839241,0.207419238,48.40846,1.0711932,FALSE,human
NS3,619,12514,FALSE,1.562715774,IMTCMSADL,51.646156,40.354805,7.823237898,0.1758031,48.353844,0.80978346,FALSE,human
NS3,620,12476,FALSE,1.459385783,MTCMSADLE,51.474834,42.20904,6.115742297,0.20038475,48.52517,0.8093822,FALSE,human
NS3,621,12362,FALSE,1.452164448,TCMSADLEV,50.299305,43.504288,6.050800906,0.145607508,49.700695,0.6184896,FALSE,human
NS3,622,12264,FALSE,1.102203992,CMSADLEVV,83.86334,7.1428576,8.798108254,0.195694728,16.13666,2.6781204,FALSE,human
NS3,623,12275,FALSE,1.065031091,MSADLEVVT,84.05703,7.185336,8.58655802,0.17107944,15.942973,2.3505366,FALSE,human
