"proteinName","position","count","lowSupport","entropy","indexPeptide","index.incidence","major.incidence","minor.incidence","unique.incidence","totalVariants.incidence","kmerTypes.incidence","multiIndex"
"Core",1,2554,FALSE,1.992874915,"MSTNPKPQR",60.59311981,27.71055753,9.988137604,1.708185053,39.40688019,3.131672598,FALSE
"Core",2,2333,FALSE,2.656295623,"STNPKPQRK",55.29746385,21.82981749,20.26546575,2.607252904,44.70253615,4.384925338,FALSE
"Core",3,2380,FALSE,2.704544772,"TNPKPQRKT",55.47785548,21.51515152,20.32634033,2.680652681,44.52214452,4.545454545,FALSE
"Core",4,2256,FALSE,3.046049075,"NPKPQRKTK",52.55066387,20.66154205,23.68972746,3.09806662,47.44933613,5.287677615,FALSE
"Core",5,3373,FALSE,2.017529268,"PKPQRKTKR",76.2259887,7.615819209,13.74011299,2.418079096,23.7740113,4,FALSE
"Core",6,3395,FALSE,1.880169064,"KPQRKTKRN",76.42953624,7.744259343,13.43989194,2.386312472,23.57046376,3.872129671,FALSE
"Core",7,3363,FALSE,1.977236263,"PQRKTKRNT",75.7261878,7.791038054,14.32109885,2.161675298,24.2738122,3.760414321,FALSE
"Core",8,2593,FALSE,3.085623476,"QRKTKRNTN",57.53272687,14.3998225,25.2052363,2.862214333,42.46727313,5.214111382,FALSE
"Core",9,2633,FALSE,3.052329137,"RKTKRNTNR",57.67798467,14.63307777,24.7973713,2.891566265,42.32201533,5.104052574,FALSE
"Core",10,2651,FALSE,3.00831714,"KTKRNTNRR",57.35612289,14.88533103,24.90263955,2.855906534,42.64387711,4.976200779,FALSE
"Core",11,2972,FALSE,2.361838778,"TKRNTNRRP",63.47714652,16.14694575,18.4109355,1.964972234,36.52285348,3.652285348,FALSE
"Core",12,2617,FALSE,2.946441152,"KRNTNRRPQ",55.1179444,15.33277169,27.46419545,2.085088458,44.8820556,4.085930918,FALSE
"Core",13,2776,FALSE,2.672781259,"RNTNRRPQD",58.17267393,14.60603521,25.54484493,1.676445935,41.82732607,3.478625314,FALSE
"Core",14,2826,FALSE,2.758115531,"NTNRRPQDV",57.93357934,13.71463715,26.67076671,1.68101681,42.06642066,3.341533415,FALSE
"Core",15,2954,FALSE,2.713968919,"TNRRPQDVK",57.88751715,13.03155007,27.31726435,1.76366843,42.11248285,3.331373702,FALSE
"Core",16,3018,FALSE,2.611744657,"NRRPQDVKF",58.86483324,13.71172225,25.92159157,1.501852935,41.13516676,2.867173786,FALSE
"Core",17,4010,FALSE,1.555537105,"RRPQDVKFP",77.011715,9.141540234,12.80967928,1.037065489,22.988285,1.862876896,FALSE
"Core",18,4180,FALSE,1.578051709,"RPQDVKFPG",77.10754473,8.89134846,13.07876776,0.922339052,22.89245527,1.807784542,FALSE
"Core",19,4192,FALSE,1.534279551,"PQDVKFPGG",77.05882353,8.860294118,13.16176471,0.919117647,22.94117647,1.801470588,FALSE
"Core",20,4185,FALSE,1.596673748,"QDVKFPGGG",76.90187431,8.857037854,13.10180081,1.139287027,23.09812569,2.002940096,FALSE
"Core",21,4802,FALSE,1.008581904,"DVKFPGGGQ",87.99706799,5.259299982,5.5158512,1.227780832,12.00293201,1.942459227,FALSE
"Core",22,5076,FALSE,0.738145908,"VKFPGGGQI",92.88197621,1.591948765,4.336688015,1.189387008,7.118023788,1.903019213,FALSE
"Core",23,5169,FALSE,0.631564027,"KFPGGGQIV",94.42820607,0.858604311,3.544026306,1.169163318,5.571793935,1.918158568,FALSE
"Core",24,5305,FALSE,0.552999175,"FPGGGQIVG",95.34507549,0.305535586,3.199137311,1.150251618,4.654924515,1.851186197,FALSE
"Core",25,5326,FALSE,0.487889928,"PGGGQIVGG",95.63655953,0.305261268,2.891003771,1.167175435,4.363440474,1.813611061,FALSE
"Core",26,5317,FALSE,0.50762707,"GGGQIVGGV",95.59510967,0.575332614,2.606975908,1.222581805,4.404890327,1.851851852,FALSE
"Core",27,5339,FALSE,0.529274166,"GGQIVGGVY",95.69815379,0.340562825,2.832048754,1.12923463,4.301846209,1.756587202,FALSE
"Core",28,4087,FALSE,1.260910044,"GQIVGGVYL",73.32256907,22.24614281,2.960172228,1.471115895,26.67743093,2.15285253,FALSE
"Core",29,4041,FALSE,1.350460785,"QIVGGVYLL",72.35452104,22.29185318,3.885407341,1.468218442,27.64547896,2.238137869,FALSE
"Core",30,4068,FALSE,1.313154331,"IVGGVYLLP",72.81188473,22.35546805,3.436549132,1.396098085,27.18811527,2.165741901,FALSE
"Core",31,4085,FALSE,1.291146692,"VGGVYLLPR",73.14234557,22.32766338,3.133393017,1.39659803,26.85765443,2.130707252,FALSE
"Core",32,4087,FALSE,1.257245326,"GGVYLLPRR",73.1650555,22.4131758,3.13283208,1.288936627,26.8349445,1.969208736,FALSE
"Core",33,4092,FALSE,1.259073219,"GVYLLPRRG",73.26768129,22.38137869,3.15129812,1.199641898,26.73231871,1.862130707,FALSE
"Core",34,4089,FALSE,1.316388073,"VYLLPRRGP",73.16156736,21.57809984,4.025764895,1.234567901,26.83843264,1.914474861,FALSE
"Core",35,3897,FALSE,1.61309886,"YLLPRRGPR",69.77618621,20.6266786,8.164726947,1.432408236,30.22381379,2.291853178,FALSE
"Core",36,3811,FALSE,1.790481341,"LLPRRGPRL",68.17531306,20.48300537,9.785330948,1.556350626,31.82468694,2.504472272,FALSE
"Core",37,4965,FALSE,1.083702899,"LPRRGPRLG",88.72408863,3.234453181,6.719085061,1.322373124,11.27591137,2.090779128,FALSE
"Core",38,5002,FALSE,0.982674345,"PRRGPRLGV",89.35334048,3.32261522,6.091461236,1.232583065,10.64665952,1.911396927,FALSE
"Core",39,4920,FALSE,1.098944822,"RRGPRLGVR",87.91994282,3.305932809,7.541100786,1.233023588,12.08005718,1.983559685,FALSE
"Core",40,4766,FALSE,1.271444024,"RGPRLGVRA",85.15276041,3.341075576,10.21976059,1.28640343,14.84723959,2.090405574,FALSE
"Core",41,4171,FALSE,1.986883335,"GPRLGVRAT",74.58869814,4.202432046,19.47424893,1.734620887,25.41130186,2.80758226,FALSE
"Core",42,4155,FALSE,1.990919783,"PRLGVRATR",74.38238453,4.206945936,19.67418546,1.736484067,25.61761547,2.756892231,FALSE
"Core",43,4184,FALSE,1.879177484,"RLGVRATRK",74.90153956,4.439670605,19.01181525,1.646974579,25.09846044,2.68528464,FALSE
"Core",44,4377,FALSE,1.689966371,"LGVRATRKT",77.79950231,4.905794525,15.97938144,1.315321721,22.20049769,2.292925702,FALSE
"Core",45,4441,FALSE,1.562443159,"GVRATRKTS",78.92304958,4.922694153,14.80362538,1.350630887,21.07695042,2.256975298,FALSE
"Core",46,4427,FALSE,1.614718701,"VRATRKTSE",78.71621622,4.907539118,15.02489331,1.351351351,21.28378378,2.29374111,FALSE
"Core",47,4430,FALSE,1.544002049,"RATRKTSER",78.76955903,4.907539118,15.00711238,1.315789474,21.23044097,2.258179232,FALSE
"Core",48,4500,FALSE,1.505327013,"ATRKTSERS",79.91475759,4.990232641,13.83413248,1.260877286,20.08524241,2.131060202,FALSE
"Core",49,4623,FALSE,1.34687316,"TRKTSERSQ",82.0990943,5.061267981,11.73858995,1.101047771,17.9009057,2.006748357,FALSE
"Core",50,5321,FALSE,0.600556566,"RKTSERSQP",94.3941813,0.762817101,3.9737449,0.869256697,5.605818698,1.667553663,FALSE
"Core",51,5328,FALSE,0.643098637,"KTSERSQPR",94.28419749,0.743231286,4.317819855,0.654751371,5.715802513,1.539550522,FALSE
"Core",52,5100,FALSE,0.907179275,"TSERSQPRG",90.48970901,2.821149752,5.926188786,0.762952449,9.510290987,1.75656494,FALSE
"Core",53,5104,FALSE,0.870958032,"SERSQPRGR",91.17541979,2.947481243,5.001786352,0.875312612,8.824580207,1.822079314,FALSE
"Core",54,5117,FALSE,0.790238976,"ERSQPRGRR",91.45665773,2.949061662,4.575513852,1.018766756,8.54334227,1.894548704,FALSE
"Core",55,5101,FALSE,0.816651812,"RSQPRGRRQ",91.53059394,2.960703391,4.324421317,1.184281357,8.469406065,1.937914947,FALSE
"Core",56,5066,FALSE,0.867131718,"SQPRGRRQP",90.93520014,2.925866092,4.828576557,1.310357207,9.064799856,2.100161551,FALSE
"Core",57,5060,FALSE,0.880346005,"QPRGRRQPI",90.89276091,2.945931381,4.885934974,1.275372732,9.107239087,2.065744566,FALSE
"Core",58,5078,FALSE,0.852856624,"PRGRRQPIP",91.19971264,2.963362069,4.561781609,1.275143678,8.800287356,2.047413793,FALSE
"Core",59,5038,FALSE,0.911254992,"RGRRQPIPK",90.43259738,2.943816191,5.438879914,1.184706516,9.567402621,2.11811165,FALSE
"Core",60,4320,FALSE,1.628726415,"GRRQPIPKA",77.69784173,9.442446043,11.15107914,1.708633094,22.30215827,2.769784173,FALSE
"Core",61,4499,FALSE,1.382743936,"RRQPIPKAR",80.74300072,9.583632448,8.058147882,1.615218952,19.25699928,2.638190955,FALSE
"Core",62,3033,FALSE,2.54677792,"RQPIPKARR",54.52094194,17.93996045,25.23818084,2.300916772,45.47905806,3.39744742,FALSE
"Core",63,1895,FALSE,3.739643763,"QPIPKARRP",34.20577617,16.75090253,46.13718412,2.906137184,65.79422383,4.693140794,FALSE
"Core",64,1851,FALSE,4.300335478,"PIPKARRPE",33.23159785,15.38599641,47.77378815,3.608617594,66.76840215,6.122082585,FALSE
"Core",65,1856,FALSE,4.319668373,"IPKARRPEG",33.21997494,15.33918024,47.77161267,3.669232146,66.78002506,6.067657061,FALSE
"Core",66,1823,FALSE,4.368000048,"PKARRPEGR",32.63515933,15.25241676,48.20981024,3.902613677,67.36484067,6.390977444,FALSE
"Core",67,1189,FALSE,5.265298508,"KARRPEGRT",21.36951833,13.713156,59.70524802,5.212077642,78.63048167,8.501078361,FALSE
"Core",68,1206,FALSE,5.123178388,"ARRPEGRTW",21.67115903,13.78256963,59.87421384,4.672057502,78.32884097,7.81671159,FALSE
"Core",69,1246,FALSE,5.022481262,"RRPEGRTWA",22.35378543,13.76031575,59.7416577,4.144241119,77.64621457,7.122353785,FALSE
"Core",70,1245,FALSE,5.079052194,"RPEGRTWAQ",22.34787291,13.62412493,59.86357925,4.164422904,77.65212709,7.341590379,FALSE
"Core",71,1376,FALSE,4.379664802,"PEGRTWAQP",24.5670416,17.49687556,54.72237101,3.213711837,75.4329584,5.534725942,FALSE
"Core",72,1681,FALSE,3.476769064,"EGRSWAQPG",29.8791326,26.44863135,41.30821187,2.364024173,70.1208674,3.857092073,FALSE
"Core",73,1848,FALSE,3.097467248,"GRSWAQPGY",32.84749378,27.99502311,37.38002133,1.777461785,67.15250622,3.003910416,FALSE
"Core",74,1830,FALSE,3.107541155,"RSWAQPGYP",32.51021496,27.90904246,37.8042281,1.776514479,67.48978504,3.126665482,FALSE
"Core",75,1839,FALSE,3.074904835,"SWAQPGYPW",32.68752222,28.26164237,37.46889442,1.581940988,67.31247778,2.843938855,FALSE
"Core",76,4545,FALSE,1.388795159,"WAQPGYPWP",80.55654023,8.011343495,10.38638781,1.045728465,19.44345977,1.790145339,FALSE
"Core",77,4517,FALSE,1.47176159,"AQPGYPWPL",80.1312755,7.965229732,10.75039915,1.153095618,19.8687245,1.933652652,FALSE
"Core",78,4633,FALSE,1.265028806,"QPGYPWPLY",82.30591579,7.958784864,8.6871558,1.048143542,17.69408421,1.705453899,FALSE
"Core",79,5180,FALSE,0.760783271,"PGYPWPLYG",92.10526316,1.724751067,5.192034139,0.977951636,7.894736842,1.600284495,FALSE
"Core",80,5157,FALSE,0.764340242,"GYPWPLYGN",91.97431782,1.676475834,5.386124487,0.963081862,8.025682183,1.587301587,FALSE
"Core",81,5143,FALSE,0.770270006,"YPWPLYGNE",91.82288877,1.678271737,5.445456169,1.053383324,8.17711123,1.696125692,FALSE
"Core",82,5216,FALSE,0.65389151,"PWPLYGNEG",93.07637402,1.748750892,4.246966453,0.927908637,6.923625981,1.498929336,FALSE
"Core",83,3241,FALSE,1.968045188,"WPLYGNEGC",58.10326282,17.62280387,23.09071352,1.183219792,41.89673718,2.007888132,FALSE
"Core",84,3239,FALSE,1.992829913,"PLYGNEGCG",58.08823529,17.57532281,23.0989957,1.237446198,41.91176471,2.152080344,FALSE
"Core",85,3219,FALSE,1.998848999,"LYGNEGCGW",57.84366577,17.57412399,23.34231806,1.239892183,42.15633423,2.174303684,FALSE
"Core",86,3191,FALSE,1.960049394,"YGNEGCGWA",58.07097361,17.43403094,23.23930846,1.255686988,41.92902639,2.183803458,FALSE
"Core",87,3189,FALSE,2.012671325,"GNEGCGWAG",58.09801421,17.50774276,23.17361997,1.220623064,41.90198579,2.222627072,FALSE
"Core",88,3194,FALSE,1.87830759,"NEGCGWAGW",58.23154057,18.19507748,22.37010027,1.203281677,41.76845943,2.151321787,FALSE
"Core",89,3184,FALSE,1.93113339,"EGCGWAGWL",58.10218978,18.26642336,22.44525547,1.186131387,41.89781022,2.171532847,FALSE
"Core",90,3170,FALSE,1.918997689,"GCGWAGWLL",57.87840058,18.33120321,22.69490597,1.095490232,42.12159942,2.136205952,FALSE
"Core",91,3173,FALSE,1.910645645,"CGWAGWLLS",58.07101025,18.35651537,22.30966325,1.262811127,41.92898975,2.324304539,FALSE
"Core",92,5188,FALSE,0.5700155,"GWAGWLLSP",94.75799087,0.621004566,3.726027397,0.894977169,5.242009132,1.607305936,FALSE
"Core",93,5035,FALSE,0.728655777,"WAGWLLSPR",92.84528859,1.641158031,4.59155449,0.921998894,7.154711414,1.751797898,FALSE
"Core",94,5046,FALSE,0.740306665,"AGWLLSPRG",93.06528956,1.623017337,4.426410918,0.885282184,6.934710439,1.73367761,FALSE
"Core",95,5065,FALSE,0.724132082,"GWLLSPRGS",93.43294595,1.60486995,4.002951485,0.959232614,6.567054049,1.697103855,FALSE
"Core",96,5041,FALSE,0.689226983,"WLLSPRGSR",93.05888868,1.606055012,4.338194573,0.996861732,6.941111316,1.735277829,FALSE
"Core",97,5027,FALSE,0.737706635,"LLSPRGSRP",92.92051756,1.626617375,4.417744917,1.035120148,7.07948244,1.811460259,FALSE
"Core",98,3968,FALSE,1.676848589,"LSPRGSRPS",74.69879518,9.243222892,14.64608434,1.41189759,25.30120482,2.447289157,FALSE
"Core",99,3938,FALSE,1.674295167,"SPRGSRPSW",74.6398787,9.306292646,14.57543594,1.478392722,25.3601213,2.46398787,FALSE
"Core",100,3909,FALSE,1.6926666,"PRGSRPSWG",74.17457306,9.146110057,15.19924099,1.480075901,25.82542694,2.466793169,FALSE
"Core",101,3795,FALSE,1.943632216,"RGSRPSWGP",72.25818736,9.006092917,17.07920792,1.656511805,27.74181264,2.741812643,FALSE
"Core",102,1940,FALSE,3.047391447,"GSRPSWGPT",37.24323287,27.51007871,33.2117489,2.034939528,62.75676713,3.340372432,FALSE
"Core",103,1928,FALSE,3.040704726,"SRPSWGPTD",37.11260828,27.50721848,33.07025987,2.309913378,62.88739172,3.599615014,FALSE
"Core",104,1921,FALSE,2.952331357,"RPSWGPTDP",37.41721854,27.79509155,32.5087651,2.278924815,62.58278146,3.408648228,FALSE
"Core",105,1909,FALSE,2.869154769,"PSWGPTDPR",37.76458952,28.09099901,32.30464886,1.839762611,62.23541048,2.809099901,FALSE
"Core",106,1594,FALSE,3.250206829,"SWGPTDPRR",32.09180592,26.21300584,39.74229917,1.952889068,67.90819408,3.120595933,FALSE
"Core",107,1734,FALSE,2.645304786,"WGPTDPRRR",35.51095638,35.34712267,27.50358386,1.638337088,64.48904362,2.600860127,FALSE
"Core",108,1732,FALSE,2.632716691,"GPTDPRRRS",35.50635506,35.2398524,27.61377614,1.6400164,64.49364494,2.58302583,FALSE
"Core",109,1732,FALSE,2.595805721,"PTDPRRRSR",35.59391697,35.38840937,27.49691739,1.520756268,64.40608303,2.424989725,FALSE
"Core",110,1816,FALSE,2.439496432,"NDPRRRSRN",37.67634855,35.93360996,24.97925311,1.410788382,62.32365145,2.2406639,FALSE
"Core",111,3983,FALSE,1.219267743,"DPRRRSRNL",82.92733708,7.349573183,8.682073704,1.041016032,17.07266292,1.728086613,FALSE
"Core",112,3989,FALSE,1.205211311,"PRRRSRNLG",83.15613925,7.358765895,8.401084011,1.08401084,16.84386075,1.667708985,FALSE
"Core",113,3927,FALSE,1.293892086,"RRRSRNLGK",82.51733557,6.198781257,10.35931918,0.924563984,17.48266443,1.617986972,FALSE
"Core",114,3761,FALSE,1.403478521,"RRSRNLGKV",81.17850205,6.345780272,11.52600907,0.949708612,18.82149795,1.769911504,FALSE
"Core",115,3981,FALSE,0.973050801,"RSRNLGKVI",88.05573988,3.207255032,7.940721079,0.796284008,11.94426012,1.526211015,FALSE
"Core",116,3886,FALSE,0.823956196,"SRNLGKVID",90.68844807,2.637106184,5.974329055,0.700116686,9.311551925,1.470245041,FALSE
"Core",117,3831,FALSE,0.822132541,"RNLGKVIDT",90.6102176,2.625354778,6.05487228,0.709555345,9.389782403,1.490066225,FALSE
"Core",118,3577,FALSE,1.188697954,"NLGKVIDTL",86.35924674,2.752293578,10.11588605,0.772573636,13.64075326,1.738290681,FALSE
"Core",119,3483,FALSE,1.162715897,"LGKVIDTLT",86.4911845,2.830891482,9.93295257,0.744971443,13.5088155,1.638937174,FALSE
"Core",120,3536,FALSE,0.925733558,"GKVIDTLTC",89.090451,2.998236332,7.205845301,0.705467372,10.909549,1.486520534,FALSE
"Core",121,3527,FALSE,0.929840258,"KVIDTLTCG",88.95334174,2.976040353,7.313997478,0.756620429,11.04665826,1.538461538,FALSE
"Core",122,3400,FALSE,1.139235967,"VIDTLTCGF",86.0541635,3.695267021,9.440647937,0.809921539,13.9458365,1.746393318,FALSE
"Core",123,3323,FALSE,1.030590745,"IDTLTCGFA",87.17208814,3.751311647,8.289611752,0.786988458,12.82791186,1.678908709,FALSE
"Core",124,3317,FALSE,1.057446016,"DTLTCGFAD",87.2206153,3.733894294,8.282934525,0.762555877,12.7793847,1.682881935,FALSE
"Core",125,3283,FALSE,1.047885627,"TLTCGFADL",87.17472119,3.664365374,8.39086564,0.770047796,12.82527881,1.646309081,FALSE
"Core",126,3183,FALSE,1.273818939,"LTCGFADLM",85.35800483,3.647090373,10.00268168,0.992223116,14.64199517,2.064896755,FALSE
"Core",127,3372,FALSE,0.880227859,"TCGFADLMG",90.37791477,3.457518092,5.52130796,0.64325918,9.622085232,1.634950415,FALSE
"Core",128,3302,FALSE,0.773341812,"CGFADLMGY",91.39219485,3.321339607,4.73290894,0.553556601,8.607805148,1.411569333,FALSE
"Core",129,3207,FALSE,0.78848852,"GFADLMGYI",90.64443188,3.335217637,5.398530243,0.621820237,9.355568118,1.58281515,FALSE
"Core",130,3198,FALSE,0.846328441,"FADLMGYIP",90.6205724,3.372060074,5.497308019,0.510059507,9.3794276,1.501841882,FALSE
"Core",131,2624,FALSE,1.39371288,"ADLMGYIPL",74.48197559,17.59863752,7.323304002,0.596082884,25.51802441,1.589554357,FALSE
"Core",132,2548,FALSE,1.707892136,"DLMGYIPLV",72.48933144,14.90753912,11.69274538,0.910384068,27.51066856,1.963015647,FALSE
"Core",133,2607,FALSE,1.717629186,"LMGYIPLVG",72.21606648,15.42936288,11.44044321,0.914127424,27.78393352,1.939058172,FALSE
"Core",134,2581,FALSE,1.831803299,"MGYIPLVGA",70.63492063,15.13409962,13.10892173,1.122058019,29.36507937,2.298850575,FALSE
"Core",135,2617,FALSE,1.722075998,"GYIPLVGAP",71.42467249,15.63864629,11.89956332,1.037117904,28.57532751,1.965065502,FALSE
"Core",136,1879,FALSE,2.684796198,"YIPLVGAPL",51.32477465,18.98388418,28.27096422,1.420376946,48.67522535,2.622234362,FALSE
"Core",137,1885,FALSE,2.63963306,"IPLVGAPLG",51.41843972,18.95799236,28.17785052,1.445717403,48.58156028,2.645935625,FALSE
"Core",138,1906,FALSE,2.547558904,"PLVGAPLGG",51.87806206,19.13445836,27.7898748,1.19760479,48.12193794,2.259118127,FALSE
"Core",139,1528,FALSE,3.05106904,"LVGAPLGGA",41.70305677,18.88646288,37.71834061,1.692139738,58.29694323,3.002183406,FALSE
"Core",140,1562,FALSE,2.398693735,"VGAPLGGAA",42.54971397,28.71152275,27.34949605,1.38926723,57.45028603,2.424407518,FALSE
"Core",141,1570,FALSE,2.425582539,"GAPLGGAAR",42.69785151,31.03073157,24.9660049,1.305412021,57.30214849,2.338863204,FALSE
"Core",142,1528,FALSE,2.519352777,"APLGGAARA",41.63487738,31.11716621,25.88555858,1.36239782,58.36512262,2.534059946,FALSE
"Core",143,1534,FALSE,2.510409989,"PLGGAARAL",41.76422543,30.35665668,26.46338143,1.415736455,58.23577457,2.423087395,FALSE
"Core",144,1528,FALSE,2.484802377,"LGGAARALA",41.69167804,30.42291951,26.41200546,1.473396999,58.30832196,2.455661664,FALSE
"Core",145,1602,FALSE,2.007994738,"GGVARALAH",43.66312347,41.80975743,13.35513764,1.171981466,56.33687653,2.071409103,FALSE
"Core",146,1601,FALSE,2.018613366,"GVARALAHG",43.64776445,41.7393675,13.65866957,0.954198473,56.35223555,1.93565976,FALSE
"Core",147,1580,FALSE,2.060910641,"VARALAHGV",43.31140351,41.74890351,13.9254386,1.014254386,56.68859649,2.055921053,FALSE
"Core",148,3105,FALSE,1.109829427,"ARALAHGVR",84.99863126,6.159321106,8.020804818,0.821242814,15.00136874,1.532986586,FALSE
"Core",149,2203,FALSE,1.957873924,"RALAHGVRV",61.34781398,22.86271234,14.898357,0.891116681,38.65218602,1.921470343,FALSE
"Core",150,2174,FALSE,2.054313351,"ALAHGVRVL",60.57397604,20.8135971,17.66508777,0.947339092,39.42602396,1.894678183,FALSE
"Core",151,2237,FALSE,1.91743433,"LAHGVRVLE",62.32933965,21.45444413,15.35246587,0.863750348,37.67066035,1.783226525,FALSE
"Core",152,2236,FALSE,1.805249669,"AHGVRVLED",62.24944321,23.44097996,13.66926503,0.640311804,37.75055679,1.503340757,FALSE
"Core",153,2169,FALSE,1.948164486,"HGVRVLEDG",60.80740118,23.01654051,15.44715447,0.728903841,39.19259882,1.654051023,FALSE
"Core",154,1907,FALSE,2.507731411,"GVRVLEDGV",53.99207248,16.87429219,28.0011325,1.132502831,46.00792752,2.236693092,FALSE
"Core",155,1909,FALSE,2.543407229,"VRVLEDGVN",54.07932011,16.85552408,27.81869688,1.246458924,45.92067989,2.351274788,FALSE
"Core",156,1904,FALSE,2.622337575,"RVLEDGVNY",54.07554672,15.10934394,29.50866231,1.306447032,45.92445328,2.414086907,FALSE
"Core",157,1905,FALSE,2.643222522,"VLEDGVNYA",54.13469736,15.0610969,29.4970162,1.307189542,45.86530264,2.443876101,FALSE
"Core",158,2092,FALSE,2.173686776,"LEDGVNYAT",59.3812092,15.07238149,24.58132274,0.965086574,40.6187908,1.84501845,FALSE
"Core",159,2210,FALSE,1.74057181,"EDGVNYATG",62.64172336,15.33446712,21.28684807,0.736961451,37.35827664,1.41723356,FALSE
"Core",160,2209,FALSE,1.795286177,"DGVNYATGN",62.59563616,15.33012185,21.30915273,0.76508926,37.40436384,1.445168603,FALSE
"Core",161,2135,FALSE,1.939076734,"GVNYATGNL",60.60175986,15.12915129,23.41754187,0.851546977,39.39824014,1.731478853,FALSE
"Core",162,2207,FALSE,1.829752933,"VNYATGNLP",62.64547261,15.10076639,21.28867443,0.965086574,37.35452739,1.674709055,FALSE
"Core",163,2631,FALSE,1.097913689,"NYATGNLPG",78.56076441,16.84084801,3.881755748,0.71663183,21.43923559,1.313825022,FALSE
"Core",164,2631,FALSE,1.083227996,"YATGNLPGC",78.53731343,16.89552239,3.910447761,0.656716418,21.46268657,1.223880597,FALSE
"Core",165,3133,FALSE,0.564661705,"ATGNLPGCS",94.48130277,0.99517491,3.890229192,0.633293124,5.518697226,1.176115802,FALSE
"Core",166,3130,FALSE,0.534419473,"TGNLPGCSF",94.36237564,0.994874887,4.009647272,0.633102201,5.637624359,1.17576123,FALSE
"Core",167,3124,FALSE,0.556165383,"GNLPGCSFS",94.20989144,0.934861279,4.252110977,0.603136309,5.790108565,1.206272618,FALSE
"Core",168,3101,FALSE,0.645095084,"NLPGCSFSI",93.12312312,0.930930931,5.255255255,0.690690691,6.876876877,1.381381381,FALSE
"Core",169,3107,FALSE,0.653630316,"LPGCSFSIF",93.33133073,0.961249625,4.986482427,0.720937218,6.66866927,1.411835386,FALSE
"Core",170,3063,FALSE,0.745830193,"PGCSFSIFL",92.09260373,1.503307276,5.742633794,0.661455201,7.907396272,1.383042694,FALSE
"Core",171,3052,FALSE,0.768765004,"GCSFSIFLL",91.73429516,1.472798317,6.04147881,0.751427713,8.265704839,1.502855425,FALSE
"Core",172,3029,FALSE,0.81965221,"CSFSIFLLA",91.37254902,1.478129713,6.334841629,0.814479638,8.62745098,1.568627451,FALSE
"Core",173,2983,FALSE,0.975981308,"SFSIFLLAL",90.01207001,1.448400724,7.754978877,0.784550392,9.987929994,1.71997586,FALSE
"Core",174,2576,FALSE,1.374869044,"FSIFLLALL",77.75430124,13.61303954,7.425294295,1.207364926,22.24569876,2.112888621,FALSE
"Core",175,2582,FALSE,1.342576031,"SIFLLALLS",77.9589372,13.647343,7.185990338,1.207729469,22.0410628,2.083333333,FALSE
"Core",176,2572,FALSE,1.353045096,"IFLLALLSC",77.89218655,13.71895821,7.238037553,1.150817686,22.10781345,2.089642641,FALSE
"Core",177,2262,FALSE,1.896563981,"FLLALLSCL",68.44175492,13.58547655,16.76248109,1.210287443,31.55824508,2.299546142,FALSE
"Core",178,2100,FALSE,2.429761722,"LLALLSCLT",63.63636364,9.575757576,25.33333333,1.454545455,36.36363636,3,FALSE
"Core",179,990,FALSE,3.403597675,"LALLSCLTV",30.08204193,28.22850198,39.31935582,2.370100273,69.91795807,4.254026132,FALSE
"Core",180,986,FALSE,3.435581638,"ALLSCLTVP",29.96049833,28.16773017,39.56244303,2.309328472,70.03950167,4.254026132,FALSE
"Core",181,912,FALSE,3.825388544,"LLSCLTVPA",27.81335773,26.22750839,43.18389753,2.775236353,72.18664227,5.123513266,FALSE
"Core",182,914,FALSE,3.804533577,"LSCLTVPAS",28.0971411,26.95972948,42.39163849,2.551490931,71.9028589,5.133722717,FALSE
"Core",183,918,FALSE,3.489473937,"SCLTVPASA",29.34782609,28.16496164,40.47314578,2.014066496,70.65217391,4.283887468,FALSE
"NS3",1,11302,FALSE,1.269484736,"APITAYAQQ",69.32041217,25.03066732,5.434249264,0.214671246,30.67958783,0.423209028,FALSE
"NS3",2,11490,FALSE,1.251614993,"PITAYAQQT",69.57732833,24.94247305,5.250090832,0.230107787,30.42267167,0.417827298,FALSE
"NS3",3,11486,FALSE,1.247747682,"ITAYAQQTR",69.50260196,24.95461697,5.252329662,0.29045141,30.49739804,0.46593247,FALSE
"NS3",4,11572,FALSE,1.217799297,"TAYAQQTRG",69.73604917,25.09340726,4.863203568,0.307340002,30.26395083,0.470049415,FALSE
"NS3",5,11531,FALSE,1.298837027,"AYAQQTRGL",69.65688051,24.54391688,5.472997463,0.326205147,30.34311949,0.513471064,FALSE
"NS3",6,10555,FALSE,1.727019728,"YAQQTRGLL",64.22660338,22.81854691,12.55324328,0.401606426,35.77339662,0.68759888,FALSE
"NS3",7,10503,FALSE,1.833903486,"AQQTRGLLG",63.96078193,22.61738018,12.99555447,0.426283418,36.03921807,0.761220389,FALSE
"NS3",8,13252,FALSE,1.414044379,"QQTRGLLGC",80.00966009,8.078246694,11.51965224,0.392440983,19.99033991,0.694318662,FALSE
"NS3",9,13905,FALSE,1.434941571,"QTRGLLGCI",80.52466991,7.690525828,11.38522122,0.399583044,19.47533009,0.74704656,FALSE
"NS3",10,12512,FALSE,1.754470636,"TRGLLGCII",73.44015965,7.730234196,18.36003991,0.469566238,26.55984035,0.874567119,FALSE
"NS3",11,12528,FALSE,1.786164329,"RGLLGCIIT",73.43924028,7.286476347,18.76428865,0.509994724,26.56075972,0.937921332,FALSE
"NS3",12,12524,FALSE,1.851333772,"GLLGCIITS",73.45454545,7.038123167,19.01466276,0.492668622,26.54545455,0.944281525,FALSE
"NS3",13,12587,FALSE,1.824613038,"LLGCIITSL",73.52649103,7.027279631,18.92633916,0.519890181,26.47350897,0.975524271,FALSE
"NS3",14,12812,FALSE,1.68795467,"LGCIITSLT",74.58811201,7.050125167,17.94259766,0.419165163,25.41188799,0.768469465,FALSE
"NS3",15,13447,FALSE,1.320960877,"GCIITSLTG",77.75529085,9.951428241,11.96368683,0.329594079,22.24470915,0.578235226,FALSE
"NS3",16,13500,FALSE,1.264223907,"CIITSLTGR",78.0211524,9.986707507,11.68583483,0.306305265,21.9788476,0.53747905,FALSE
"NS3",17,13618,FALSE,1.031919737,"IITSLTGRD",78.77595881,17.34251171,3.603864175,0.277665298,21.22404119,0.456990802,FALSE
"NS3",18,13099,FALSE,1.333939449,"ITSLTGRDK",75.99791135,15.88535623,7.820840102,0.295892318,24.00208865,0.522162915,FALSE
"NS3",19,16055,FALSE,0.683679303,"TSLTGRDKN",91.86884871,2.895399405,4.966811627,0.268940261,8.131151293,0.452048524,FALSE
"NS3",20,14220,FALSE,1.326580706,"SLTGRDKNQ",81.4853017,6.62426222,11.53515558,0.3552805,18.5146983,0.681909346,FALSE
"NS3",21,13230,FALSE,1.677072293,"LTGRDKNQV",75.94718714,6.911595867,16.64753157,0.493685419,24.05281286,0.929965557,FALSE
"NS3",22,13182,FALSE,1.77026203,"TGRDKNQVE",75.69771448,6.655564488,17.0437579,0.602963133,24.30228552,1.188698748,FALSE
"NS3",23,13191,FALSE,1.709141966,"GRDKNQVEG",75.71895988,6.658630389,17.00246829,0.61994145,24.28104012,1.193961311,FALSE
"NS3",24,13189,FALSE,1.765097833,"RDKNQVEGE",75.67707138,6.65021804,17.01285288,0.6598577,24.32292862,1.245122791,FALSE
"NS3",25,12626,FALSE,1.986906903,"DKNQVEGEV",72.29315774,6.882336101,20.04008016,0.784425995,27.70684226,1.437160034,FALSE
"NS3",26,12640,FALSE,2.010236648,"KNQVEGEVQ",72.28640055,6.862632964,20.05604484,0.794921652,27.71359945,1.441152922,FALSE
"NS3",27,6861,FALSE,2.591953095,"NQVEGEVQV",39.13415469,35.43235227,24.60073009,0.832762948,60.86584531,1.437371663,FALSE
"NS3",28,6792,FALSE,2.73399241,"QVEGEVQVV",38.80034276,34.55012853,25.76978006,0.879748643,61.19965724,1.593830334,FALSE
"NS3",29,7055,FALSE,2.492720114,"VEGEVQVVS",40.07156651,35.68101783,23.52607066,0.721344996,59.92843349,1.215494718,FALSE
"NS3",30,7279,FALSE,2.208406054,"EGEVQIVST",41.22677843,40.10534662,18.08450385,0.583371092,58.77322157,0.968509289,FALSE
"NS3",31,7200,FALSE,2.154234007,"GEVQIVSTA",40.80244815,39.96939816,18.75212513,0.476028562,59.19755185,0.816048963,FALSE
"NS3",32,7004,FALSE,2.623471195,"EVQVVSTAT",39.95436395,31.89389618,27.56988021,0.581859669,60.04563605,1.106674273,FALSE
"NS3",33,6992,FALSE,2.638840846,"VQVVSTATQ",39.91095382,31.70843085,27.79268223,0.587933101,60.08904618,1.118785319,FALSE
"NS3",34,6817,FALSE,2.568643138,"QVVSTATQS",38.78363771,33.62917449,26.98412698,0.603060818,61.21636229,1.075268817,FALSE
"NS3",35,6821,FALSE,2.54119084,"VVSTATQSF",38.68753899,33.52050366,27.21910272,0.572854631,61.31246101,1.071975498,FALSE
"NS3",36,6875,FALSE,2.408692341,"VSTATQSFL",38.95846319,33.72244574,26.86008953,0.45900153,61.04153681,0.872669576,FALSE
"NS3",37,6925,FALSE,2.320276585,"STATQSFLA",39.18628339,34.4443187,25.93933907,0.43005885,60.81371661,0.786555002,FALSE
"NS3",38,6615,FALSE,2.568249166,"TATQSFLAT",37.50850533,32.94397823,29.04853708,0.49897936,62.49149467,0.912905421,FALSE
"NS3",39,6409,FALSE,2.790212193,"ATQSFLATC",36.35280771,32.92682927,30.16449234,0.555870675,63.64719229,1.140102099,FALSE
"NS3",40,5677,FALSE,3.256940345,"AQTFLATCI",32.56654429,23.18724185,43.56356127,0.682652593,67.43345571,1.256310234,FALSE
"NS3",41,7365,FALSE,2.941318253,"QTFLATCIN",41.98973774,22.09806157,35.29646522,0.615735462,58.01026226,1.242873432,FALSE
"NS3",42,7413,FALSE,2.935428624,"TFLATCING",42.22969124,22.13740458,35.05184004,0.581064145,57.77030876,1.173521704,FALSE
"NS3",43,9269,FALSE,2.537087788,"FLATCINGV",52.78173225,23.08524571,23.63760606,0.495415979,47.21826775,1.047776323,FALSE
"NS3",44,9226,FALSE,2.621467605,"LATCINGVC",52.53986333,22.91002278,23.8952164,0.654897494,47.46013667,1.406605923,FALSE
"NS3",45,9227,FALSE,2.613423137,"ATCINGVCW",52.53359144,22.91619221,23.92393532,0.626281029,47.46640856,1.377818265,FALSE
"NS3",46,8922,FALSE,2.729656993,"TCINGVCWT",50.85499316,22.56041952,25.95189238,0.632694938,49.14500684,1.345189238,FALSE
"NS3",47,9291,FALSE,2.634007639,"CINGVCWTV",52.90700985,22.92010706,23.54649507,0.626388019,47.09299015,1.286942657,FALSE
"NS3",48,8584,FALSE,2.972954612,"INGVCWTVY",49.18915821,17.2253739,33.06973812,0.515729758,50.81084179,1.140335797,FALSE
"NS3",49,11755,FALSE,2.222310446,"NGVCWTVYH",66.60811423,9.213508613,23.81572983,0.362647325,33.39188577,0.776291931,FALSE
"NS3",50,12010,FALSE,1.900396223,"GVCWTVYHG",67.92602228,10.38402805,21.39584865,0.294101012,32.07397772,0.605169391,FALSE
"NS3",51,12019,FALSE,1.838214148,"VCWTVYHGA",67.95002261,10.36861149,21.37042062,0.310945274,32.04997739,0.627544098,FALSE
"NS3",52,12518,FALSE,1.650242412,"CWTVYHGAG",70.69919801,10.37501412,18.65469332,0.271094544,29.30080199,0.50830227,FALSE
"NS3",53,7630,FALSE,2.156514265,"WTVYHGAGT",43.49313116,35.67804822,20.53810637,0.290714245,56.50686884,0.541526535,FALSE
"NS3",54,7063,FALSE,2.712176507,"TVYHGAGTR",40.30702505,26.34822804,32.96809907,0.376647834,59.69297495,0.713348171,FALSE
"NS3",55,7131,FALSE,2.718504376,"VYHGAGTRT",40.67187589,25.99098842,32.90366737,0.433468317,59.32812411,0.866936634,FALSE
"NS3",56,6662,FALSE,2.944233271,"YHGAGTRTI",38.03596917,24.51612903,36.9511847,0.4967171,61.96403083,0.942049672,FALSE
"NS3",57,6703,FALSE,2.610893665,"HGAGTRTIA",37.98594582,34.92576221,26.59526238,0.493029582,62.01405418,0.895387057,FALSE
"NS3",58,6557,FALSE,2.761660205,"GAGTRTIAS",37.20283688,34.87659574,27.34751773,0.573049645,62.79716312,1.10070922,FALSE
"NS3",59,5834,FALSE,3.45428041,"AGSKTLAGP",33.35811081,30.60781062,35.10206415,0.932014409,66.64188919,1.864028818,FALSE
"NS3",60,5744,FALSE,3.657030525,"GSKTLAGPK",32.899937,29.23993356,36.62294519,1.23718426,67.100063,2.399908357,FALSE
"NS3",61,5744,FALSE,3.674103106,"SKTLAGPKG",32.90182151,29.24160843,36.53912247,1.317447588,67.09817849,2.514606484,FALSE
"NS3",62,6740,FALSE,3.148241264,"KTLAGPKGP",38.25198638,31.01589103,29.84108967,0.891032917,61.74801362,1.776390465,FALSE
"NS3",63,5364,FALSE,3.415598405,"TIASPKGPV",30.68825448,30.2763316,38.06281824,0.972595686,69.31174552,1.962354826,FALSE
"NS3",64,5213,FALSE,3.859552198,"IASPKGPVI",30.13468987,25.07081334,43.65570264,1.13879415,69.86531013,2.2775883,FALSE
"NS3",65,5801,FALSE,3.612366567,"ASPKGPVIQ",33.43901314,25.00576435,40.55222504,1.002997464,66.56098686,1.959880101,FALSE
"NS3",66,5803,FALSE,3.555602386,"SPKGPVIQM",33.44090359,25.02737279,40.644269,0.887454619,66.55909641,1.821010776,FALSE
"NS3",67,6089,FALSE,3.369138177,"PKGPVIQMY",35.06074739,25.1108424,39.14320263,0.685207578,64.93925261,1.474059999,FALSE
"NS3",68,7487,FALSE,2.732910755,"KGPVIQMYT",42.75842376,27.09880069,29.75442604,0.388349515,57.24157624,0.890919475,FALSE
"NS3",69,7817,FALSE,2.552169667,"GPVIQMYTN",44.56670468,26.97833523,28.14709236,0.307867731,55.43329532,0.655644242,FALSE
"NS3",70,7744,FALSE,2.54261041,"PVIQMYTNV",44.15303039,26.99697816,28.530703,0.319288443,55.84696961,0.638576886,FALSE
"NS3",71,7720,FALSE,2.520812245,"VIQMYTNVD",44.02623325,26.9974337,28.63986313,0.336469917,55.97376675,0.678642715,FALSE
"NS3",72,5896,FALSE,2.704273639,"IQMYTNVDQ",33.53238924,30.22237388,35.85281238,0.392424501,66.46761076,0.699539328,FALSE
"NS3",73,13672,FALSE,1.174956392,"QMYTNVDQD",76.7917322,17.05234779,5.920017973,0.235902044,23.2082678,0.432487082,FALSE
"NS3",74,13599,FALSE,1.204063457,"MYTNVDQDL",76.39458457,17.06645694,6.286163699,0.252794787,23.60541543,0.460648278,FALSE
"NS3",75,13402,FALSE,1.299955057,"YTNVDQDLV",75.50422535,17.04788732,7.154929577,0.292957746,24.49577465,0.512676056,FALSE
"NS3",76,13403,FALSE,1.269413203,"TNVDQDLVG",75.51836827,17.05544287,7.127563669,0.298625197,24.48163173,0.518368267,FALSE
"NS3",77,13398,FALSE,1.274020331,"NVDQDLVGW",75.50721371,17.03110911,7.179891794,0.281785392,24.49278629,0.501577998,FALSE
"NS3",78,8083,FALSE,2.265984792,"VDQDLVGWP",45.89223869,27.82035996,25.92971101,0.357690342,54.10776131,0.704025436,FALSE
"NS3",79,7893,FALSE,2.509802388,"DQDLVGWPA",44.92316448,27.33636881,27.31360273,0.426863973,55.07683552,0.876494024,FALSE
"NS3",80,7888,FALSE,2.484372,"QDLVGWPAP",44.89215184,27.30066587,27.43156337,0.375618918,55.10784816,0.825223379,FALSE
"NS3",81,6882,FALSE,2.794255182,"DLVGWPAPQ",39.29427886,25.05424232,35.22324997,0.428228845,60.70572114,0.94210346,FALSE
"NS3",82,6888,FALSE,2.791646863,"LVGWPAPQG",39.32180168,25.07849518,35.15442142,0.445281726,60.67819832,0.947650853,FALSE
"NS3",83,4504,FALSE,3.598870384,"VGWPAPQGA",25.87762137,24.6308532,48.8652686,0.626256823,74.12237863,1.350186728,FALSE
"NS3",84,4635,FALSE,3.755762683,"GWPAPQGAR",26.57683486,24.43807339,48.31995413,0.665137615,73.42316514,1.490825688,FALSE
"NS3",85,4638,FALSE,3.743591287,"WPAPQGARS",26.58946282,24.4224044,48.32310956,0.665023218,73.41053718,1.496302242,FALSE
"NS3",86,4585,FALSE,4.027048497,"PAPQGARSL",26.30974924,20.77810294,52.12027314,0.791874677,73.69025076,1.778848913,FALSE
"NS3",87,4922,FALSE,3.666926613,"APPGARSLT",28.19176356,27.05767799,43.78257632,0.96798213,71.80823644,1.87868721,FALSE
"NS3",88,5158,FALSE,3.505010951,"PPGARSLTP",29.48102423,27.84064929,41.82098765,0.85733882,70.51897577,1.668952904,FALSE
"NS3",89,5167,FALSE,3.485359157,"PGARSLTPC",29.53246456,27.85779607,41.77526292,0.834476452,70.46753544,1.634659351,FALSE
"NS3",90,10967,FALSE,2.646141629,"GARSLTPCT",62.40823991,8.740681728,28.28202356,0.5690548,37.59176009,1.240539464,FALSE
"NS3",91,10943,FALSE,2.594550392,"ARSLTPCTC",62.29648184,8.744164864,28.40715018,0.55220312,37.70351816,1.241033815,FALSE
"NS3",92,13455,FALSE,1.767782271,"RSLTPCTCG",76.09863695,4.236185736,19.30886262,0.356314688,23.90136305,0.82574515,FALSE
"NS3",93,13224,FALSE,1.900462196,"SLTPCTCGS",74.8810872,4.06002265,20.70781427,0.351075878,25.1189128,0.843714609,FALSE
"NS3",94,13136,FALSE,2.060177963,"LTPCTCGSS",74.43336355,4.034451496,21.00521306,0.526971895,25.56663645,1.133272892,FALSE
"NS3",95,13898,FALSE,1.726890946,"TPCTCGSSD",78.66644026,2.932020151,17.93739741,0.464142186,21.33355974,0.979226807,FALSE
"NS3",96,14646,FALSE,1.35908038,"PCTCGSSDL",82.48479387,3.384771345,13.80941654,0.321018247,17.51520613,0.687091687,FALSE
"NS3",97,14601,FALSE,1.405615853,"CTCGSSDLY",82.18969885,3.37179848,14.11201801,0.326484661,17.81030115,0.70925978,FALSE
"NS3",98,14604,FALSE,1.409799853,"TCGSSDLYL",82.17420662,3.370470403,14.1064596,0.348863381,17.82579338,0.731487734,FALSE
"NS3",99,15245,FALSE,1.068648651,"CGSSDLYLV",85.41573286,5.950246526,8.365082922,0.268937696,14.58426714,0.565889736,FALSE
"NS3",100,15152,FALSE,1.14827132,"GSSDLYLVT",84.90418021,5.95091337,8.898352572,0.24655385,15.09581979,0.554746162,FALSE
"NS3",101,15147,FALSE,1.116619067,"SSDLYLVTR",84.90470852,5.952914798,8.878923767,0.263452915,15.09529148,0.57735426,FALSE
"NS3",102,14957,FALSE,1.30546475,"SDLYLVTRH",83.73642369,5.066621879,10.87224275,0.324711678,16.26357631,0.705408129,FALSE
"NS3",103,15064,FALSE,1.12860244,"DLYLVTRHA",84.22700587,5.937936819,9.55549343,0.27956388,15.77299413,0.542353928,FALSE
"NS3",104,15066,FALSE,1.117310282,"LYLVTRHAD",84.27117127,5.934668307,9.525674013,0.268486408,15.72882873,0.525785882,FALSE
"NS3",105,15087,FALSE,1.126367627,"YLVTRHADV",84.36032208,5.921494073,9.46656229,0.251621561,15.63967792,0.508834713,FALSE
"NS3",106,14608,FALSE,1.301868833,"LVTRHADVI",81.97990909,5.80279477,11.95353275,0.263763399,18.02009091,0.544362759,FALSE
"NS3",107,14607,FALSE,1.250352494,"VTRHADVIP",82.00190872,5.810363218,11.94071745,0.24701061,17.99809128,0.527704485,FALSE
"NS3",108,14586,FALSE,1.289508161,"TRHADVIPV",81.8610394,6.050061735,11.81389606,0.275002806,18.1389606,0.538781008,FALSE
"NS3",109,13985,FALSE,1.512512677,"RHADVIPVR",78.89540788,6.087103689,14.71849261,0.298995825,21.10459212,0.581067359,FALSE
"NS3",110,13994,FALSE,1.533999072,"HADVIPVRR",78.93727437,6.080776173,14.65478339,0.327166065,21.06272563,0.603564982,FALSE
"NS3",111,14052,FALSE,1.332588413,"ADVIPVRRR",79.32708592,9.444507169,10.98001581,0.248391103,20.67291408,0.479846449,FALSE
"NS3",112,13954,FALSE,1.378035904,"DVIPVRRRG",78.84952252,9.453579703,11.43131604,0.265581737,21.15047748,0.508560773,FALSE
"NS3",113,13956,FALSE,1.33959647,"VIPVRRRGD",78.83854932,9.456558581,11.4619817,0.242910406,21.16145068,0.485820811,FALSE
"NS3",114,11904,FALSE,2.231136281,"IPVRRRGDS",68.50828729,7.021178637,24.06767956,0.402854512,31.49171271,0.822974217,FALSE
"NS3",115,12208,FALSE,1.956393482,"PVRRRGDSR",70.18512131,7.767046108,21.65689318,0.390939404,29.81487869,0.747384155,FALSE
"NS3",116,12141,FALSE,2.034515527,"VRRRGDSRG",69.80795768,7.767939282,21.98712052,0.436982521,30.19204232,0.839466421,FALSE
"NS3",117,11989,FALSE,2.162494884,"RRRGDSRGS",68.99746777,7.757826888,22.82458564,0.420119705,31.00253223,0.892034991,FALSE
"NS3",118,12612,FALSE,1.890304392,"RRGDSRGSL",72.24195211,7.709932409,19.71016153,0.337953947,27.75804789,0.738916256,FALSE
"NS3",119,12603,FALSE,1.93879969,"RGDSRGSLL",72.19039982,7.555275518,19.88773055,0.366594112,27.80960018,0.813380685,FALSE
"NS3",120,12683,FALSE,1.858511928,"GDSRGSLLS",72.54890745,7.659306715,19.40281432,0.388971514,27.45109255,0.789383366,FALSE
"NS3",121,12734,FALSE,1.860460535,"DSRGSLLSP",72.73661964,7.636945222,19.24944308,0.37699206,27.26338036,0.771120123,FALSE
"NS3",122,12717,FALSE,1.833594124,"SRGSLLSPR",72.69765049,7.625907506,19.2648488,0.411593209,27.30234951,0.823186417,FALSE
"NS3",123,14885,FALSE,1.099657161,"RGSLLSPRP",83.52036808,7.586129503,8.669060711,0.224441701,16.47963192,0.460105488,FALSE
"NS3",124,10013,FALSE,1.897419935,"GSLLSPRPI",56.85651014,26.3074215,16.51240702,0.323661348,43.14348986,0.562148657,FALSE
"NS3",125,10132,FALSE,1.918600125,"SLLSPRPIS",57.53222418,26.35852592,15.80262336,0.30662654,42.46777582,0.567826926,FALSE
"NS3",126,10216,FALSE,1.915288013,"LLSPRPISY",57.93353748,26.62470228,15.09016672,0.351593513,42.06646252,0.669161846,FALSE
"NS3",127,10224,FALSE,1.891466583,"LSPRPISYL",57.98548094,26.6050363,15.04650635,0.362976407,42.01451906,0.674909256,FALSE
"NS3",128,10235,FALSE,1.893056678,"SPRPISYLK",58.04457551,26.57517155,15.05699541,0.323257528,41.95542449,0.623830318,FALSE
"NS3",129,10279,FALSE,1.832868281,"PRPISYLKG",58.25776468,26.59827703,14.86624348,0.277714804,41.74223532,0.561097257,FALSE
"NS3",130,10277,FALSE,1.841131631,"RPISYLKGS",58.23982772,26.61793041,14.87022555,0.272016321,41.76017228,0.532698629,FALSE
"NS3",131,10287,FALSE,1.798202701,"PISYLKGSS",58.26677995,26.7403002,14.7550269,0.237892948,41.73322005,0.470121779,FALSE
"NS3",132,10286,FALSE,1.820884825,"ISYLKGSSG",58.26111583,26.75162843,14.74369867,0.243557066,41.73888417,0.475785896,FALSE
"NS3",133,15316,FALSE,0.908006668,"SYLKGSSGG",85.69829902,6.42905103,7.71038496,0.162264996,14.30170098,0.34691137,FALSE
"NS3",134,15324,FALSE,0.83588613,"YLKGSSGGP",85.71428571,7.657456091,6.482828057,0.145430138,14.28571429,0.290860275,FALSE
"NS3",135,15628,FALSE,0.715155781,"LKGSSGGPL",87.44404655,9.2435094,3.17256043,0.139883617,12.55595345,0.268576544,FALSE
"NS3",136,15654,FALSE,0.806347625,"KGSSGGPLL",87.43785958,7.021169636,5.384572418,0.156398369,12.56214042,0.312796738,FALSE
"NS3",137,15611,FALSE,0.790682225,"GSSGGPLLC",87.64808265,6.961989782,5.221492336,0.168435237,12.35191735,0.314412442,FALSE
"NS3",138,15502,FALSE,0.844820204,"SSGGPLLCP",87.12414995,6.851008824,5.822514472,0.202326758,12.87585005,0.387792952,FALSE
"NS3",139,7826,FALSE,2.201698361,"SGGPLLCPA",44.52916074,34.96443812,20.19914651,0.307254623,55.47083926,0.66571835,FALSE
"NS3",140,7835,FALSE,2.196201133,"GGPLLCPAG",44.55501848,34.94455502,20.18197327,0.318453227,55.44498152,0.688086437,FALSE
"NS3",141,7831,FALSE,2.215025079,"GPLLCPAGH",44.52467592,34.88173755,20.24107346,0.352513077,55.47532408,0.727768933,FALSE
"NS3",142,7716,FALSE,2.632760747,"PLLCPAGHA",44.06121517,28.15212426,27.33554134,0.451119233,55.93878483,0.976473275,FALSE
"NS3",143,7613,FALSE,2.844142566,"LLCPAGHAV",43.55512329,27.678929,28.14806339,0.617884318,56.44487671,1.25293209,FALSE
"NS3",144,7616,FALSE,2.706819711,"LCPAGHAVG",43.56480952,27.92586661,28.05171033,0.457613545,56.43519048,1.00102963,FALSE
"NS3",145,7493,FALSE,2.869750508,"CPAGHAVGI",43.01624663,26.72369252,29.66875251,0.591308341,56.98375337,1.159653252,FALSE
"NS3",146,7493,FALSE,2.921224371,"PAGHAVGIF",43.02859768,26.70839554,29.67152866,0.591478121,56.97140232,1.165728724,FALSE
"NS3",147,7089,FALSE,2.998374792,"AGHAVGIFR",40.91774892,26.82828283,31.68831169,0.565656566,59.08225108,1.137085137,FALSE
"NS3",148,12811,FALSE,1.672790109,"GHAVGIFRA",73.09711286,7.799840237,18.73216935,0.370877553,26.90288714,0.696108639,FALSE
"NS3",149,12810,FALSE,1.73942445,"HAVGIFRAA",73.11226528,7.802066092,18.73751498,0.348153644,26.88773472,0.673477541,FALSE
"NS3",150,12759,FALSE,1.718489505,"AVGIFRAAV",73.10909924,7.832913133,18.76575751,0.292230117,26.89090076,0.641760257,FALSE
"NS3",151,14256,FALSE,1.168819598,"VGIFRAAVC",81.29562044,9.243841241,9.249543796,0.210994526,18.70437956,0.45620438,FALSE
"NS3",152,15755,FALSE,0.815284916,"GIFRAAVCT",89.65968586,3.437286592,6.715228773,0.187798771,10.34031414,0.415433644,FALSE
"NS3",153,15764,FALSE,0.806599518,"IFRAAVCTR",89.70069421,3.436895414,6.691703653,0.170706726,10.29930579,0.392625469,FALSE
"NS3",154,16732,FALSE,0.458771727,"FRAAVCTRG",94.91717722,2.144315861,2.796687089,0.141819832,5.082822782,0.317676424,FALSE
"NS3",155,16708,FALSE,0.455177663,"RAAVCTRGV",94.84021116,2.151331101,2.84952035,0.15893739,5.15978884,0.351932792,FALSE
"NS3",156,17190,FALSE,0.310183231,"AAVCTRGVA",96.99808148,0.998758605,1.828236091,0.174923823,3.001918519,0.338562239,FALSE
"NS3",157,17245,FALSE,0.279394028,"AVCTRGVAK",97.3084302,0.993115901,1.517887372,0.180566527,2.6915698,0.344204943,FALSE
"NS3",158,16783,FALSE,0.479977913,"VCTRGVAKA",94.71753485,2.195383487,2.912128224,0.17495344,5.28246515,0.389412495,FALSE
"NS3",159,15394,FALSE,0.926167131,"CTRGVAKAV",86.89320388,7.292842628,5.576879657,0.237073832,13.10679612,0.445924588,FALSE
"NS3",160,15065,FALSE,1.063824576,"TRGVAKAVD",85.37345574,6.755071971,7.605122974,0.266349314,14.62654426,0.538365635,FALSE
"NS3",161,15070,FALSE,1.057492799,"RGVAKAVDF",85.38727407,6.742591648,7.603830245,0.26630404,14.61272593,0.53260808,FALSE
"NS3",162,9532,FALSE,1.915697219,"GVAKAVDFI",54.75328853,30.37509334,14.59015452,0.281463611,45.24671147,0.683554483,FALSE
"NS3",163,9530,FALSE,1.938297393,"VAKAVDFIP",54.70095282,30.40982666,14.57352772,0.315692802,45.29904718,0.72896338,FALSE
"NS3",164,9509,FALSE,1.977881207,"AKAVDFIPV",54.64314447,30.24365016,14.81438915,0.298816228,45.35685553,0.752787036,FALSE
"NS3",165,9526,FALSE,1.919590298,"KAVDFIPVE",54.73454378,30.24017467,14.74373707,0.281544473,45.26545622,0.723971501,FALSE
"NS3",166,4955,FALSE,2.87605681,"AVDFVPVES",28.87865719,26.30842756,44.23592493,0.576990325,71.12134281,1.282200723,FALSE
"NS3",167,4341,FALSE,3.232124903,"VDFVPVESM",26.08774038,24.6875,48.64182692,0.582932692,73.91225962,1.292067308,FALSE
"NS3",168,4334,FALSE,3.25959476,"DFVPVESME",26.36894622,24.6592845,48.3146751,0.657094183,73.63105378,1.387198832,FALSE
"NS3",169,4415,FALSE,3.257820746,"FVPVESMET",26.79004854,25.1881068,47.41504854,0.606796117,73.20995146,1.310679612,FALSE
"NS3",170,4367,FALSE,3.322641352,"VPVESMETT",26.73891746,24.94489346,47.55694342,0.759245653,73.26108254,1.585843742,FALSE
"NS3",171,6013,FALSE,3.016828479,"PVESMETTM",36.40271219,25.13621504,37.56508052,0.895992251,63.59728781,1.828308512,FALSE
"NS3",172,6011,FALSE,2.995867242,"VESMETTMR",36.3950109,25.14531364,37.58173892,0.877936546,63.6049891,1.786146767,FALSE
"NS3",173,5984,FALSE,2.985110926,"ESMETTMRS",36.40124095,25.14143196,37.5752783,0.882048786,63.59875905,1.812762333,FALSE
"NS3",174,5724,FALSE,2.985339667,"SMETTMRSP",36.68525284,25.32846248,37.08902134,0.897263347,63.31474716,1.832980837,FALSE
"NS3",175,7151,FALSE,2.277117903,"LETTMRSPV",45.6611966,37.50079816,16.21224698,0.625758253,54.3388034,1.372836984,FALSE
"NS3",176,12849,FALSE,1.508610159,"ETTMRSPVF",82.27572517,5.186655568,11.94851764,0.58910162,17.72427483,1.248639303,FALSE
"NS3",177,12209,FALSE,1.645571491,"TTMRSPVFT",78.50942062,6.308275995,14.58427111,0.598032281,21.49057938,1.260369108,FALSE
"NS3",178,12209,FALSE,1.660707311,"TMRSPVFTD",78.63583666,6.299111168,14.60131393,0.463738246,21.36416334,1.043411052,FALSE
"NS3",179,12213,FALSE,1.476270455,"MRSPVFTDN",79.55315268,6.917665451,13.30119854,0.227983325,20.44684732,0.638353309,FALSE
"NS3",180,12503,FALSE,1.14221993,"RSPVFTDNS",81.33090483,8.859689065,9.633773499,0.175632603,18.66909517,0.383789761,FALSE
"NS3",181,11670,FALSE,1.506578288,"SPVFTDNSS",76.6301136,8.556044389,14.55775166,0.256090354,23.3698864,0.604110579,FALSE
"NS3",182,11695,FALSE,1.537604764,"PVFTDNSSP",76.90537253,8.890642467,13.98697968,0.217005326,23.09462747,0.526073519,FALSE
"NS3",183,11686,FALSE,1.509248,"VFTDNSSPP",76.87652128,8.887573186,14.01881455,0.217090981,23.12347872,0.519702651,FALSE
"NS3",184,11295,FALSE,1.536302762,"FTDNSSPPA",74.48562385,9.66763387,15.668689,0.178053284,25.51437615,0.415457663,FALSE
"NS3",185,11415,FALSE,1.44148566,"TDNSSPPAV",75.3564827,9.631634539,14.79403222,0.217850541,24.6435173,0.409294956,FALSE
"NS3",186,12002,FALSE,1.070270018,"DNSSPPAVP",79.17931125,15.18010292,5.442670537,0.197915292,20.82068875,0.343053173,FALSE
"NS3",187,11896,FALSE,1.192485858,"NSSPPAVPQ",78.64084088,13.88907252,7.23210154,0.23798506,21.35915912,0.47597012,FALSE
"NS3",188,5828,FALSE,2.347239634,"SSPPAVPQT",38.94160096,37.40478418,23.29279701,0.360817854,61.05839904,0.781772017,FALSE
"NS3",189,5565,FALSE,2.713281068,"SPPAVPQTF",37.38160811,33.72741318,28.46779069,0.423188016,62.61839189,0.933700544,FALSE
"NS3",190,5748,FALSE,2.312151519,"PPAVPQTFQ",38.65501009,35.68930733,25.27908541,0.376597176,61.34498991,0.699394755,FALSE
"NS3",191,5738,FALSE,2.327373125,"PAVPQTFQV",38.64753822,35.60988752,25.41254125,0.330033003,61.35246178,0.687007476,FALSE
"NS3",192,5701,FALSE,2.543287056,"AVPQTFQVA",38.49686002,35.23532987,25.91667229,0.351137822,61.50313998,0.803565399,FALSE
"NS3",193,5799,FALSE,2.306196449,"VPQTFQVAH",39.16126418,37.61480281,22.92004322,0.303889789,60.83873582,0.695569962,FALSE
"NS3",194,5792,FALSE,2.300700503,"PQTFQVAHL",39.14836093,37.60729976,22.96721865,0.277120649,60.85163907,0.662385941,FALSE
"NS3",195,5748,FALSE,2.360029118,"QTFQVAHLH",39.0914037,37.63601741,22.9937432,0.278835691,60.9085963,0.686887922,FALSE
"NS3",196,5723,FALSE,2.222285048,"TFQVAHLHA",38.97970304,37.93761068,22.87835445,0.204331835,61.02029696,0.510829587,FALSE
"NS3",197,11541,FALSE,1.086662172,"FQVAHLHAP",77.95339412,12.54981425,9.348193178,0.148598446,22.04660588,0.330969267,FALSE
"NS3",198,12758,FALSE,0.715147494,"QVAHLHAPT",86.10961123,12.65523758,1.113660907,0.121490281,13.89038877,0.256479482,FALSE
"NS3",199,12743,FALSE,0.670674351,"VAHLHAPTG",86.19453463,12.73674242,0.980790043,0.0879329,13.80546537,0.196158009,FALSE
"NS3",200,12743,FALSE,0.670629087,"AHLHAPTGS",86.24120195,12.7368706,0.906876015,0.115051435,13.75879805,0.209799675,FALSE
"NS3",201,12833,FALSE,0.583786411,"HLHAPTGSG",86.83854378,12.82988226,0.209771282,0.12180268,13.16145622,0.175937204,FALSE
"NS3",202,14725,FALSE,0.051918581,"LHAPTGSGK",99.66159052,0.067681895,0.189509306,0.081218274,0.338409475,0.148900169,FALSE
"NS3",203,14704,FALSE,0.041525908,"HAPTGSGKS",99.64760098,0.067769043,0.196530225,0.088099756,0.352399024,0.162645703,FALSE
"NS3",204,14707,FALSE,0.037107095,"APTGSGKST",99.71523493,0.047460845,0.142382534,0.09492169,0.284765069,0.162722896,FALSE
"NS3",205,13984,FALSE,0.287509773,"PTGSGKSTK",95.35629049,4.357313331,0.163654961,0.122741221,4.643709512,0.184111831,FALSE
"NS3",206,13977,FALSE,0.306943772,"TGSGKSTKV",95.39963142,4.361477032,0.129683981,0.109207563,4.600368576,0.163811344,FALSE
"NS3",207,13970,FALSE,0.284574253,"GSGKSTKVP",95.37789308,4.362668123,0.150201406,0.109237386,4.622106916,0.170683416,FALSE
"NS3",208,13853,FALSE,0.345490738,"SGKSTKVPA",94.61785397,4.357625845,0.91523803,0.109282153,5.382146028,0.191243768,FALSE
"NS3",209,13847,FALSE,0.40734114,"GKSTKVPAA",94.56395547,4.350201461,0.98340504,0.102438025,5.436044526,0.184388445,FALSE
"NS3",210,13844,FALSE,0.379913204,"KSTKVPAAY",94.55638276,4.350795711,1.004029779,0.088791749,5.443617239,0.177583498,FALSE
"NS3",211,12579,FALSE,0.785768913,"STKVPAAYA",85.95148616,8.575333106,5.391185514,0.081995217,14.04851384,0.198155108,FALSE
"NS3",212,12185,FALSE,1.016604913,"TKVPAAYAA",83.46462086,8.589629427,7.836153161,0.109596548,16.53537914,0.301390506,FALSE
"NS3",213,12178,FALSE,1.026763154,"KVPAAYAAQ",83.49101879,8.563005622,7.829425476,0.116550117,16.50898121,0.308515014,FALSE
"NS3",214,12693,FALSE,0.801891762,"VPAAYAAQG",86.59435121,8.534588621,4.768726975,0.102333197,13.40564879,0.245599673,FALSE
"NS3",215,12686,FALSE,0.785800305,"PAAYAAQGY",86.56431252,8.536335722,4.776526783,0.122824974,13.43568748,0.266120778,FALSE
"NS3",216,12450,FALSE,1.046706488,"AAYAAQGYK",85.12238479,6.132913989,8.580609873,0.164091344,14.87761521,0.403391221,FALSE
"NS3",217,12518,FALSE,0.976634341,"AYAAQGYKV",85.59316239,6.14017094,8.116239316,0.15042735,14.40683761,0.376068376,FALSE
"NS3",218,12511,FALSE,0.997703402,"YAAQGYKVL",85.60383168,6.13068765,8.101265823,0.164214848,14.39616832,0.362641122,FALSE
"NS3",219,12493,FALSE,1.009078038,"AAQGYKVLV",85.58607933,6.117695417,8.104405015,0.191820237,14.41392067,0.390491197,FALSE
"NS3",220,12488,FALSE,0.956820876,"AQGYKVLVL",85.60460653,6.765834933,7.444474911,0.18508363,14.39539347,0.349602413,FALSE
"NS3",221,13085,FALSE,0.637372792,"QGYKVLVLN",89.52517789,6.787082649,3.537219485,0.150519978,10.47482211,0.259989053,FALSE
"NS3",222,13093,FALSE,0.66460408,"GYKVLVLNP",89.54315415,6.791136643,3.535768021,0.129941185,10.45684585,0.23252633,FALSE
"NS3",223,13099,FALSE,0.659261715,"YKVLVLNPS",89.51684549,6.786031572,3.560445568,0.136677373,10.48315451,0.246019272,FALSE
"NS3",224,13108,FALSE,0.64681969,"KVLVLNPSV",89.85467508,6.806964628,3.20811626,0.130244036,10.14532492,0.239923225,FALSE
"NS3",225,14555,FALSE,0.058544169,"VLVLNPSVA",99.63036484,0.061605859,0.171127387,0.13690191,0.369635156,0.191662674,FALSE
"NS3",226,14520,FALSE,0.057016262,"LVLNPSVAA",99.64998971,0.061766523,0.164710727,0.123533045,0.350010294,0.178436621,FALSE
"NS3",227,14474,FALSE,0.04102508,"VLNPSVAAT",99.72440402,0.048229296,0.110238391,0.11712829,0.275595976,0.158467686,FALSE
"NS3",228,14454,FALSE,0.05900315,"LNPSVAATL",99.58660604,0.075788893,0.220476781,0.11712829,0.413393964,0.186027284,FALSE
"NS3",229,13369,FALSE,0.443819399,"NPSVAATLG",92.95001043,5.409163596,1.487867621,0.152958354,7.049989571,0.22943753,FALSE
"NS3",230,13360,FALSE,0.436730114,"PSVAATLGF",92.94559622,5.398636427,1.495756227,0.160011131,7.054403785,0.2434952,FALSE
"NS3",231,13357,FALSE,0.466580938,"SVAATLGFG",92.93119043,5.385097057,1.502817783,0.180894733,7.068809574,0.2713421,FALSE
"NS3",232,11590,FALSE,1.195405816,"VAATLGFGA",81.7348378,6.939351199,11.11424542,0.211565585,18.2651622,0.416078984,FALSE
"NS3",233,11520,FALSE,1.300634636,"AATLGFGAY",81.46524291,5.473446008,12.81380383,0.247507248,18.53475709,0.480871226,FALSE
"NS3",234,11443,FALSE,1.329509783,"ATLGFGAYM",80.99518686,5.464326161,13.2785957,0.26189128,19.00481314,0.545016988,FALSE
"NS3",235,11393,FALSE,1.351699475,"TLGFGAYMS",80.69839921,5.397365066,13.61382632,0.290409406,19.30160079,0.665816688,FALSE
"NS3",236,11003,FALSE,1.631698074,"LGFGAYMSK",78.53115409,5.017486261,16.04453644,0.40682321,21.46884591,0.906430662,FALSE
"NS3",237,10974,FALSE,1.639204617,"GFGAYMSKA",78.30740688,5.073497931,16.22663051,0.392464678,21.69259312,0.913372342,FALSE
"NS3",238,10680,FALSE,1.674488172,"FGAYMSKAH",76.53170906,7.352203511,15.72912934,0.38695808,23.46829094,0.931565747,FALSE
"NS3",239,10682,FALSE,1.724740206,"GAYMSKAHG",76.55152644,7.3527304,15.73742296,0.358320195,23.44847356,0.910133295,FALSE
"NS3",240,5038,FALSE,2.804428251,"AYMSKAHGI",36.69069988,36.68341709,25.99956303,0.626320006,63.30930012,1.412861408,FALSE
"NS3",241,4969,FALSE,2.804664303,"YMSKAHGID",35.94213382,34.67631103,28.89692586,0.484629295,64.05786618,1.13562387,FALSE
"NS3",242,4950,FALSE,2.820253833,"MSKAHGIDP",35.80470163,34.46654611,29.29475588,0.433996383,64.19529837,1.063291139,FALSE
"NS3",243,4680,FALSE,3.02087465,"SKAHGIDPN",33.89339513,33.82097335,31.82937428,0.456257242,66.10660487,1.129779838,FALSE
"NS3",244,4617,FALSE,3.194274143,"KAHGIDPNI",33.56109617,32.11455986,33.82278113,0.501562841,66.43890383,1.243003562,FALSE
"NS3",245,4813,FALSE,2.859661612,"AHGIDPNIR",34.93503666,33.20026131,31.5090368,0.355665239,65.06496334,0.856499964,FALSE
"NS3",246,4779,FALSE,2.917360288,"HGIDPNIRT",34.69832281,33.23894576,31.76504756,0.297683874,65.30167719,0.805924635,FALSE
"NS3",247,5968,FALSE,2.361292079,"GIDPNIRTG",42.98473063,35.99827139,20.78651685,0.230481129,57.01526937,0.561797753,FALSE
"NS3",248,4909,FALSE,3.000690926,"IDPNIRTGV",35.47990749,33.42729112,30.75310783,0.339693553,64.52009251,0.852847644,FALSE
"NS3",249,10295,FALSE,1.803841,"DPNIRTGVR",73.2375329,5.65554528,20.85082165,0.256100164,26.7624671,0.540655901,FALSE
"NS3",250,11257,FALSE,1.39657416,"PNIRTGVRT",79.88787169,5.66318927,14.24313392,0.205805124,20.11212831,0.439997161,FALSE
"NS3",251,10862,FALSE,1.599339688,"NIRTGVRTI",77.29860518,5.372900655,17.07230288,0.256191289,22.70139482,0.583546826,FALSE
"NS3",252,11385,FALSE,1.365076445,"IRTGVRTIT",80.86511826,5.341288444,13.54499609,0.248597202,19.13488174,0.568222175,FALSE
"NS3",253,11804,FALSE,1.147552251,"RTGVRTITT",83.47358744,5.869457606,10.43773425,0.219220706,16.52641256,0.445513047,FALSE
"NS3",254,11601,FALSE,1.284284018,"TGVRTITTG",82.43444894,5.897818518,11.41902935,0.248703191,17.56555106,0.497406381,FALSE
"NS3",255,6487,FALSE,2.262779131,"GVRTITTGS",46.22016388,33.97221233,19.48699679,0.320627004,53.77983612,0.741004631,FALSE
"NS3",256,5909,FALSE,2.892703931,"VRTITTGSP",42.82504711,26.93143934,29.74344108,0.500072474,57.17495289,1.166835773,FALSE
"NS3",257,5857,FALSE,2.718063569,"RTITTGSPI",42.45433459,29.17512322,28.01536677,0.355175413,57.54566541,0.913308205,FALSE
"NS3",258,5858,FALSE,2.737420431,"TITTGSPIT",42.45235162,29.24124937,27.95130082,0.355098196,57.54764838,0.905862744,FALSE
"NS3",259,5869,FALSE,2.671058429,"ITTGSPITY",42.51974209,29.3124683,27.86350793,0.304281678,57.48025791,0.840397015,FALSE
"NS3",260,5902,FALSE,2.526512265,"TTGSPITYS",42.64142764,30.00505744,27.12954266,0.223972256,57.35857236,0.664691858,FALSE
"NS3",261,5928,FALSE,2.469100923,"TGSPITYST",42.78599783,30.25622519,26.75568387,0.202093107,57.21400217,0.541320823,FALSE
"NS3",262,5881,FALSE,2.477338154,"GSPITYSTY",42.61285414,30.37461054,26.78791392,0.224621404,57.38714586,0.550684733,FALSE
"NS3",263,5965,FALSE,2.416227876,"SPITYSTYG",43.03130861,31.13547829,25.62400808,0.209205021,56.96869139,0.512191603,FALSE
"NS3",264,10647,FALSE,1.255686431,"PITYSTYGK",76.56407306,11.49144254,11.80785273,0.13663167,23.43592694,0.309219042,FALSE
"NS3",265,12754,FALSE,0.540704755,"ITYSTYGKF",90.51167412,7.614789582,1.802569016,0.070967284,9.488325882,0.191611667,FALSE
"NS3",266,14006,FALSE,0.098207882,"TYSTYGKFL",99.15050262,0.382273821,0.382273821,0.084949738,0.849497381,0.2052952,FALSE
"NS3",267,14008,FALSE,0.084816999,"YSTYGKFLA",99.18572541,0.382355024,0.339871132,0.092048432,0.814274588,0.19825816,FALSE
"NS3",268,14005,FALSE,0.088689378,"STYGKFLAD",99.18555241,0.382436261,0.347025496,0.084985836,0.814447592,0.198300283,FALSE
"NS3",269,14002,FALSE,0.087919193,"TYGKFLADG",99.19943323,0.382571732,0.297555792,0.120439249,0.800566773,0.212539851,FALSE
"NS3",270,14005,FALSE,0.080216506,"YGKFLADGG",99.22771716,0.382598838,0.269236219,0.120447782,0.77228284,0.205469746,FALSE
"NS3",271,13920,FALSE,0.090582183,"GKFLADGGC",99.22303799,0.384916958,0.256611305,0.135433744,0.776962007,0.213842754,FALSE
"NS3",272,13699,FALSE,0.225935893,"KFLADGGCS",97.73132625,0.927445245,1.198544624,0.142683884,2.268673753,0.263965185,FALSE
"NS3",273,13531,FALSE,0.3399645,"FLADGGCSG",96.56722809,1.12760491,2.155295461,0.149871539,3.43277191,0.321153297,FALSE
"NS3",274,13537,FALSE,0.307719008,"LADGGCSGG",96.61694383,1.12768539,2.112625794,0.142744986,3.38305617,0.30690172,FALSE
"NS3",275,13559,FALSE,0.304909571,"ADGGCSGGA",96.76705681,1.377390808,1.712817585,0.142734799,3.232943192,0.271196118,FALSE
"NS3",276,13557,FALSE,0.289449834,"DGGCSGGAY",96.76659529,1.377587438,1.70592434,0.149892934,3.233404711,0.278372591,FALSE
"NS3",277,13559,FALSE,0.281645271,"GGCSGGAYD",96.78087081,1.384725196,1.720199857,0.11420414,3.219129193,0.242683797,FALSE
"NS3",278,12440,FALSE,0.723659763,"GCSGGAYDI",88.80639634,8.023986294,3.062535694,0.107081668,11.19360366,0.26413478,FALSE
"NS3",279,12419,FALSE,0.721485853,"CSGGAYDII",88.71981712,7.993999143,3.171881697,0.114302043,11.28018288,0.300042863,FALSE
"NS3",280,11456,FALSE,1.038059005,"SGGAYDIII",82.93636429,8.086585101,8.84673858,0.130312025,17.06363571,0.369217404,FALSE
"NS3",281,11625,FALSE,0.908365521,"GGAYDIIIC",84.18422768,8.183069013,7.516836846,0.115866464,15.81577232,0.267941198,FALSE
"NS3",282,11693,FALSE,0.799129698,"GAYDIIICD",84.66439794,9.31865904,5.915574542,0.101368474,15.33560206,0.209977554,FALSE
"NS3",283,11690,FALSE,0.810336029,"AYDIIICDE",84.64880521,9.304851557,5.937726285,0.108616944,15.35119479,0.224475018,FALSE
"NS3",284,11696,FALSE,0.790987276,"YDIIICDEC",84.66159971,9.301483894,5.921100253,0.115816142,15.33840029,0.224393775,FALSE
"NS3",285,11699,FALSE,0.799805609,"DIIICDECH",84.67718587,9.300810654,5.906195715,0.115807759,15.32281413,0.217139548,FALSE
"NS3",286,11586,FALSE,0.913004818,"IIICDECHS",83.85929357,8.171685003,7.809785756,0.159235669,16.14070643,0.282281413,FALSE
"NS3",287,11301,FALSE,1.102741281,"IICDECHST",81.90317437,7.660530512,10.25510944,0.181185679,18.09682563,0.362371358,FALSE
"NS3",288,11317,FALSE,1.117867834,"ICDECHSTD",81.98942259,7.686734768,10.1499674,0.173875245,18.01057741,0.318771282,FALSE
"NS3",289,7085,FALSE,1.753249558,"CDECHSTDA",50.82131841,35.34897066,13.62169141,0.208019511,49.17868159,0.344308156,FALSE
"NS3",290,7029,FALSE,1.759348456,"DECHSTDAT",50.62297443,35.49873965,13.68383147,0.194454447,49.37702557,0.331292762,FALSE
"NS3",291,6522,FALSE,2.340802159,"ECHSTDATS",47.06986143,18.72113164,33.98527714,0.223729792,52.93013857,0.433025404,FALSE
"NS3",292,6293,FALSE,2.52829881,"CHSTDATSI",45.67426332,18.63840906,35.41152562,0.275802003,54.32573668,0.595151691,FALSE
"NS3",293,6287,FALSE,2.514043695,"HSTDATSIL",46.45680928,18.14823025,35.09199734,0.302963127,53.54319072,0.657651666,FALSE
"NS3",294,6283,FALSE,2.504065165,"STDATSILG",46.43068283,18.11262193,35.13892994,0.317765297,53.56931717,0.694649719,FALSE
"NS3",295,6274,FALSE,2.53430529,"TDATSILGI",46.46719005,18.31580507,34.97259665,0.244408236,53.53280995,0.570285884,FALSE
"NS3",296,7413,FALSE,1.983234701,"DATSILGIG",54.79745713,19.78119456,25.28089888,0.140449438,45.20254287,0.317859255,FALSE
"NS3",297,7406,FALSE,2.024851142,"ATSILGIGT",54.7457126,19.75162626,25.36221171,0.140449438,45.2542874,0.340035482,FALSE
"NS3",298,9866,FALSE,1.312574582,"TSILGIGTV",73.48428422,18.64293163,7.761060629,0.111723522,26.51571578,0.297929391,FALSE
"NS3",299,9849,FALSE,1.295495362,"SILGIGTVL",73.35766423,18.62803516,7.880232385,0.134068226,26.64233577,0.32772233,FALSE
"NS3",300,12361,FALSE,0.579280122,"ILGIGTVLD",91.9443618,4.08360607,3.867896459,0.104135674,8.055638203,0.267777447,FALSE
"NS3",301,12977,FALSE,0.312538868,"LGIGTVLDQ",96.03344927,2.116480426,1.768667209,0.081403093,3.966550729,0.229408718,FALSE
"NS3",302,12976,FALSE,0.324834473,"GIGTVLDQA",96.09004739,2.110485782,1.703199052,0.096267773,3.909952607,0.236966825,FALSE
"NS3",303,12969,FALSE,0.305392075,"IGTVLDQAE",96.0382109,2.110485782,1.762440758,0.088862559,3.9617891,0.229561611,FALSE
"NS3",304,13237,FALSE,0.218168637,"GTVLDQAET",97.77662875,1.144925395,0.997193086,0.08125277,2.223371251,0.214211848,FALSE
"NS3",305,13176,FALSE,0.253807538,"TVLDQAETA",97.39798936,1.130987581,1.330573625,0.140449438,2.602010645,0.310467179,FALSE
"NS3",306,13187,FALSE,0.241957559,"VLDQAETAG",97.47209698,1.138295513,1.241776924,0.147830586,2.527903023,0.310444231,FALSE
"NS3",307,11818,FALSE,0.725512889,"LDQAETAGA",86.66128914,11.6521229,1.466598225,0.219989734,13.33871086,0.395981521,FALSE
"NS3",308,11831,FALSE,0.690054252,"DQAETAGAR",86.76298035,11.63097683,1.386036961,0.220005867,13.23701965,0.410677618,FALSE
"NS3",309,11747,FALSE,0.758070843,"QAETAGARL",86.12170088,11.64222874,1.994134897,0.241935484,13.87829912,0.43255132,FALSE
"NS3",310,11059,FALSE,1.126466291,"AETAGARLV",81.19676946,10.31571219,8.15712188,0.330396476,18.80323054,0.580029369,FALSE
"NS3",311,11027,FALSE,1.156708986,"ETAGARLVV",81.06300081,10.27714475,8.314342424,0.345512019,18.93699919,0.617510843,FALSE
"NS3",312,11023,FALSE,1.158520781,"TAGARLVVL",81.06935353,10.35522542,8.266529381,0.308891667,18.93064647,0.581010517,FALSE
"NS3",313,11044,FALSE,1.139966423,"AGARLVVLA",81.24172429,10.5046344,7.952037664,0.301603649,18.75827571,0.544357805,FALSE
"NS3",314,11074,FALSE,1.087706551,"GARLVVLAT",81.43245827,10.5890139,7.765276859,0.213250974,18.56754173,0.419148467,FALSE
"NS3",315,11072,FALSE,1.104434816,"ARLVVLATA",81.42373879,10.58979262,7.780555964,0.205912634,18.57626121,0.411825268,FALSE
"NS3",316,11272,FALSE,0.840609523,"RLVVLATAT",82.67566378,14.94792431,2.200381399,0.176030512,17.32433622,0.308053396,FALSE
"NS3",317,11277,FALSE,0.837581249,"LVVLATATP",82.71840387,14.94168562,2.178537373,0.161373139,17.28159613,0.286070564,FALSE
"NS3",318,11380,FALSE,0.750857366,"VVLATATPP",83.44332013,14.93620766,1.481155595,0.139316615,16.55667987,0.241970963,FALSE
"NS3",319,13562,FALSE,0.077469748,"VLATATPPG",99.30438603,0.432012887,0.131800542,0.131800542,0.695613971,0.183056308,FALSE
"NS3",320,13491,FALSE,0.109731408,"LATATPPGS",98.62563053,1.16236567,0.080415235,0.131588566,1.374369471,0.175451422,FALSE
"NS3",321,10833,FALSE,0.786307378,"ATATPPGSV",81.51854918,16.91624652,1.444803973,0.120400331,18.48145082,0.203175559,FALSE
"NS3",322,10821,FALSE,0.795647651,"TATPPGSVT",81.4221219,16.90744921,1.542513168,0.127915726,18.5778781,0.225733634,FALSE
"NS3",323,10580,FALSE,0.971771039,"ATPPGSVTV",79.63269607,16.74695168,3.447237694,0.173114557,20.36730393,0.301068794,FALSE
"NS3",324,10480,FALSE,1.031841056,"TPPGSVTVP",79.00490011,16.69807765,4.108556351,0.188465888,20.99509989,0.346777233,FALSE
"NS3",325,10483,FALSE,1.032417419,"PPGSVTVPH",79.02751602,16.70561628,4.116094987,0.15077271,20.97248398,0.309084056,FALSE
"NS3",326,9464,FALSE,1.686903271,"PGSVTVPHP",71.62642852,8.52191024,19.67002195,0.181639295,28.37357148,0.507076364,FALSE
"NS3",327,9286,FALSE,1.784080423,"GSVTVPHPN",70.36980903,8.472264323,20.90785086,0.250075781,29.63019097,0.659290694,FALSE
"NS3",328,9285,FALSE,1.810812172,"SVTVPHPNI",70.36756347,8.480485032,20.89427814,0.257673361,29.63243653,0.666919288,FALSE
"NS3",329,8994,FALSE,1.979954418,"VTVPHPNIE",68.21387941,8.115282518,23.27645051,0.394387562,31.78612059,0.819112628,FALSE
"NS3",330,10403,FALSE,1.435545247,"TVPHPNIEE",76.68435795,12.85566858,10.12826183,0.331711632,23.31564205,0.619195046,FALSE
"NS3",331,10060,FALSE,1.674605279,"VPHPNIEEV",74.47989931,12.77855927,12.33434515,0.407196269,25.52010069,0.844006811,FALSE
"NS3",332,9757,FALSE,1.714479119,"PHPNIEEVA",72.43504083,14.35040831,12.85077951,0.363771344,27.56495917,0.831477357,FALSE
"NS3",333,9859,FALSE,1.642094782,"HPNIEEVAL",73.03503963,14.37143492,12.26016742,0.333358027,26.96496037,0.755611527,FALSE
"NS3",334,9393,FALSE,2.135232374,"PNIEEVALS",69.87799435,7.506323464,22.06516887,0.550513316,30.12200565,1.190299063,FALSE
"NS3",335,5920,FALSE,2.641584332,"NIEEVALST",44.2154007,32.33998058,22.61557995,0.829038763,55.7845993,1.598326985,FALSE
"NS3",336,5915,FALSE,3.121767955,"IEEVALSTT",44.99809814,21.68124762,32.33168505,0.98896919,55.00190186,2.023583111,FALSE
"NS3",337,5921,FALSE,3.112977572,"EEVALSTTG",45.02319215,21.67895977,32.33214204,0.96570603,54.97680785,1.99984792,FALSE
"NS3",338,6009,FALSE,2.996989005,"EVALSTTGE",45.67844926,21.97643482,31.53933865,0.805777271,54.32155074,1.664766249,FALSE
"NS3",339,5800,FALSE,3.252051753,"VALSTTGEI",44.37303955,20.87828016,33.78471425,0.963966032,55.62696045,2.027388876,FALSE
"NS3",340,5986,FALSE,3.030832212,"ALSTTGEIP",45.61109418,21.54830844,32.1167327,0.723864675,54.38890582,1.531545261,FALSE
"NS3",341,6167,FALSE,2.793948865,"LSTTGEIPF",46.86882505,22.53381973,30.00455996,0.592795258,53.13117495,1.215990272,FALSE
"NS3",342,6168,FALSE,2.788548546,"STTGEIPFY",46.86573969,22.52868323,30.00531874,0.600258339,53.13426031,1.223311299,FALSE
"NS3",343,6535,FALSE,2.581331063,"TTGEIPFYG",49.55638128,23.0985061,27.01145067,0.33366194,50.44361872,0.788655494,FALSE
"NS3",344,9737,FALSE,1.662669171,"TGEIPFYGK",73.35392497,8.053337351,18.39686605,0.195871629,26.64607503,0.421877354,FALSE
"NS3",345,12619,FALSE,0.502477847,"GEIPFYGKA",93.2117004,4.129118038,2.526222485,0.132959078,6.788299601,0.265918156,FALSE
"NS3",346,12465,FALSE,0.564884713,"EIPFYGKAI",92.16947649,4.103815439,3.586217096,0.140490979,7.830523514,0.310559006,FALSE
"NS3",347,12433,FALSE,0.596489792,"IPFYGKAIP",91.97366474,4.098239385,3.765349904,0.162745968,8.026335257,0.332889481,FALSE
"NS3",348,8077,FALSE,1.35509607,"PFYGKAIPL",59.86510525,35.02816484,4.914023125,0.192706789,40.13489475,0.429884376,FALSE
"NS3",349,7337,FALSE,2.015905523,"FYGKAIPLE",54.5461304,30.02750725,15.07694595,0.3494164,45.4538696,0.810348673,FALSE
"NS3",350,3443,FALSE,3.646780272,"YGKAIPLEV",27.08251396,19.10642649,52.90647369,0.904585857,72.91748604,2.108078345,FALSE
"NS3",351,3429,FALSE,3.725300897,"GKAIPLEVI",27.00212615,19.0723679,52.79943303,1.126072919,72.99787385,2.527758091,FALSE
"NS3",352,3362,FALSE,3.883628724,"KAIPLEVIK",26.68889418,18.52822101,53.47304914,1.309835675,73.31110582,2.794316107,FALSE
"NS3",353,3375,FALSE,3.831301518,"AIPLEVIKG",26.79422039,18.45824071,53.56462369,1.182915211,73.20577961,2.548428072,FALSE
"NS3",354,3394,FALSE,3.788979094,"IPLEVIKGG",26.93223298,18.48119346,53.49944453,1.087129027,73.06776702,2.348833518,FALSE
"NS3",355,3407,FALSE,3.788956314,"PLEVIKGGR",27.02895676,18.55612852,53.53431178,0.880602935,72.97104324,1.999206664,FALSE
"NS3",356,3405,FALSE,3.6790576,"LEVIKGGRH",27.00666244,18.55964467,53.61675127,0.816941624,72.99333756,1.919416244,FALSE
"NS3",357,3777,FALSE,2.982294637,"EVIKGGRHL",29.74015748,26.1023622,43.60629921,0.551181102,70.25984252,1.307086614,FALSE
"NS3",358,3834,FALSE,2.722575107,"VIKGGRHLI",30.15810588,26.8779989,42.63352474,0.330370487,69.84189412,0.762998505,FALSE
"NS3",359,12027,FALSE,0.728271089,"IKGGRHLIF",89.29393422,6.221694261,4.32845794,0.155913579,10.70606578,0.28955379,FALSE
"NS3",360,12939,FALSE,0.331102153,"KGGRHLIFC",95.97952674,1.950893851,1.958311698,0.11126771,4.020473259,0.200281878,FALSE
"NS3",361,13326,FALSE,0.184405179,"GGRHLIFCH",97.98529412,1.205882353,0.713235294,0.095588235,2.014705882,0.161764706,FALSE
"NS3",362,13409,FALSE,0.134942057,"GRHLIFCHS",98.54486661,1.205261998,0.169030646,0.080840744,1.455133387,0.14698317,FALSE
"NS3",363,12634,FALSE,0.445603381,"RHLIFCHSK",93.07499632,5.495800796,1.340798586,0.088404302,6.925003684,0.154707529,FALSE
"NS3",364,12184,FALSE,0.671444692,"HLIFCHSKK",89.92545575,5.409993357,4.56122223,0.103328659,10.07454425,0.214037936,FALSE
"NS3",365,12184,FALSE,0.663101886,"LIFCHSKKK",89.91881919,5.41697417,4.58302583,0.081180812,10.08118081,0.191881919,FALSE
"NS3",366,12187,FALSE,0.639738982,"IFCHSKKKC",89.91441641,5.422753431,4.574295411,0.08853475,10.08558359,0.199203187,FALSE
"NS3",367,12217,FALSE,0.629713899,"FCHSKKKCD",90.18898568,5.425956002,4.274324524,0.110733796,9.811014322,0.228849845,FALSE
"NS3",368,12200,FALSE,0.628690186,"CHSKKKCDE",90.04354565,5.424754594,4.420990479,0.110709277,9.956454351,0.236179792,FALSE
"NS3",369,11166,FALSE,1.199391108,"HSKKKCDEL",82.51551877,5.365060597,11.94206326,0.177357375,17.48448123,0.376884422,FALSE
"NS3",370,11124,FALSE,1.230565674,"SKKKCDELA",82.24768946,5.360443623,12.20702403,0.184842884,17.75231054,0.443622921,FALSE
"NS3",371,9663,FALSE,2.046055521,"KKKCDELAA",72.05816555,4.668158091,22.84862043,0.425055928,27.94183445,0.96196868,FALSE
"NS3",372,9920,FALSE,2.10229272,"KKCDELAAK",73.92503167,3.360906178,22.13279678,0.58126537,26.07496833,1.333929503,FALSE
"NS3",373,10238,FALSE,1.847253193,"KCDELAAKL",76.14160345,3.733452328,19.56715752,0.557786702,23.85839655,1.227130745,FALSE
"NS3",374,5601,FALSE,3.147431098,"CDELAAKLV",41.90796857,30.1010101,27.01833146,0.972689862,58.09203143,1.990273101,FALSE
"NS3",375,4811,FALSE,4.093002533,"DELAAKLVA",36.88851403,18.65511425,42.85385677,1.602514952,63.11148597,3.274037724,FALSE
"NS3",376,4290,FALSE,4.291416439,"ELAAKLVAL",32.93413174,18.68570551,46.62981729,1.750345463,67.06586826,3.608168279,FALSE
"NS3",377,4280,FALSE,4.278249706,"LAAKLVALG",32.86240786,18.7039312,46.71375921,1.71990172,67.13759214,3.562653563,FALSE
"NS3",378,2130,FALSE,4.906864945,"AAKLVALGI",16.58491007,16.4447559,64.70450829,2.265825742,83.41508993,4.321420229,FALSE
"NS3",379,2139,FALSE,4.89197618,"AKLVALGIN",16.64980151,16.44741963,64.62987468,2.27290418,83.35019849,4.273371215,FALSE
"NS3",380,2373,FALSE,4.487111502,"KLVALGINA",18.33848532,17.38794436,62.812983,1.460587326,81.66151468,2.828438949,FALSE
"NS3",381,2401,FALSE,4.291087676,"LVALGINAV",18.5348155,17.57758221,62.83773352,1.049868766,81.4651845,2.215531882,FALSE
"NS3",382,2399,FALSE,4.302044716,"VALGINAVA",18.53368356,17.56025958,62.82447466,1.0815822,81.46631644,2.294499382,FALSE
"NS3",383,2634,FALSE,3.771560747,"ALGINAVAY",20.32564241,18.55081411,60.37502894,0.748514546,79.67435759,1.551045605,FALSE
"NS3",384,4149,FALSE,2.672190629,"LGLNAVAYY",31.22131086,27.90277673,40.43946121,0.4364512,68.77868914,0.850327338,FALSE
"NS3",385,5112,FALSE,1.996417883,"GLNAVAYYR",38.38414176,31.43865445,29.93692747,0.240276318,61.61585824,0.510587175,FALSE
"NS3",386,5114,FALSE,2.008002661,"LNAVAYYRG",38.38762949,31.50427864,29.89791323,0.210178652,61.61237051,0.472901967,FALSE
"NS3",387,12755,FALSE,0.499441054,"NAVAYYRGL",94.17454223,2.141169522,3.529238039,0.155050207,5.825457767,0.347017129,FALSE
"NS3",388,12779,FALSE,0.492058015,"AVAYYRGLD",94.33084816,2.140695357,3.410349155,0.11810733,5.669151842,0.310031741,FALSE
"NS3",389,12785,FALSE,0.46216681,"VAYYRGLDV",94.38210542,2.148235642,3.336778385,0.132880555,5.617894581,0.302672376,FALSE
"NS3",390,12768,FALSE,0.504109747,"AYYRGLDVS",94.26356589,2.126245847,3.477297896,0.132890365,5.736434109,0.310077519,FALSE
"NS3",391,12391,FALSE,0.676852806,"YYRGLDVSV",92.07847217,2.04354611,5.714498031,0.163483689,7.921527829,0.356691685,FALSE
"NS3",392,12692,FALSE,0.512203545,"YRGLDVSVI",93.93827252,1.931759307,3.952335134,0.17763304,6.061727481,0.325660573,FALSE
"NS3",393,12693,FALSE,0.524642852,"RGLDVSVIP",93.9456739,1.939160684,3.937532381,0.17763304,6.054326105,0.318259196,FALSE
"NS3",394,11158,FALSE,1.143955852,"GLDVSVIPT",84.16050686,5.634333987,9.933624981,0.271534168,15.83949314,0.53552572,FALSE
"NS3",395,9793,FALSE,1.899231031,"LDVSVIPTS",74.47148289,4.585551331,20.47908745,0.463878327,25.52851711,1.049429658,FALSE
"NS3",396,9984,FALSE,1.794765199,"DVSVIPTSG",75.8662614,4.589665653,19.21732523,0.32674772,24.1337386,0.835866261,FALSE
"NS3",397,9501,FALSE,2.004736733,"VSVIPTSGD",72.29493228,4.360066961,22.97215036,0.372850403,27.70506772,0.943539796,FALSE
"NS3",398,9475,FALSE,1.989126801,"SVIPTSGDV",72.20147832,4.351139221,23.03589118,0.411491275,27.79852168,1.005867561,FALSE
"NS3",399,9542,FALSE,1.990546955,"VIPTSGDVV",72.74529237,4.337882138,22.54326447,0.373561028,27.25470763,0.914843333,FALSE
"NS3",400,9803,FALSE,1.833129076,"IPTSGDVVV",74.31582139,4.419680085,20.93851869,0.325979835,25.68417861,0.788416344,FALSE
"NS3",401,9479,FALSE,1.989707168,"PTSGDVVVV",71.85415403,4.373862947,23.37022438,0.401758642,28.14584597,0.955124318,FALSE
"NS3",402,9438,FALSE,2.073571211,"TSGDVVVVA",71.59220208,4.376848972,23.55306076,0.477888189,28.40779792,1.084730335,FALSE
"NS3",403,10652,FALSE,1.501918817,"SGDVVVVAT",79.34450652,3.597765363,16.81936685,0.238361266,20.65549348,0.595903166,FALSE
"NS3",404,11437,FALSE,0.912108526,"GDVVVVATD",84.42459585,9.77338156,5.669151842,0.132870746,15.57540415,0.295268325,FALSE
"NS3",405,11440,FALSE,0.891890285,"DVVVVATDA",84.43427559,9.757177651,5.683076242,0.125470514,15.56572441,0.29522474,FALSE
"NS3",406,11933,FALSE,0.681261113,"VVVVATDAL",87.91071165,9.776042434,2.202740533,0.110505378,12.08928835,0.235744806,FALSE
"NS3",407,11971,FALSE,0.653980233,"VVVATDALM",88.08034729,9.763814289,2.067544699,0.088293724,11.91965271,0.206018689,FALSE
"NS3",408,12081,FALSE,0.613803414,"VVATDALMT",88.82435115,9.786045144,1.279317697,0.110286008,11.17564885,0.213219616,FALSE
"NS3",409,12126,FALSE,0.531415272,"VATDALMTG",89.05699177,10.28936545,0.558166863,0.095475911,10.94300823,0.17626322,FALSE
"NS3",410,8169,FALSE,1.028056871,"ATDALMTGF",61.73203355,37.65586035,0.506309983,0.105796116,38.26796645,0.166251039,FALSE
"NS3",411,8163,FALSE,1.014870698,"TDALMTGFT",61.67737061,37.71061579,0.528900642,0.083112958,38.32262939,0.158670193,FALSE
"NS3",412,8160,FALSE,1.023852655,"DALMTGFTG",61.67334291,37.72957448,0.521502532,0.075580077,38.32665709,0.151160154,FALSE
"NS3",413,8144,FALSE,1.059769635,"ALMTGFTGD",61.56637436,37.59449652,0.75597218,0.08315694,38.43362564,0.181433323,FALSE
"NS3",414,8139,FALSE,1.054940012,"LMTGFTGDF",61.53787993,37.60018146,0.763647361,0.098291245,38.46212007,0.204143354,FALSE
"NS3",415,8134,FALSE,1.049700394,"MTGFTGDFD",61.5047259,37.60302457,0.763705104,0.128544423,38.4952741,0.234404537,FALSE
"NS3",416,8103,FALSE,1.094039716,"TGFTGDFDS",61.2934947,37.3903177,1.21785174,0.098335855,38.7065053,0.234493192,FALSE
"NS3",417,8105,FALSE,1.089607886,"GFTGDFDSV",61.30398608,37.36479843,1.232887074,0.098328417,38.69601392,0.234475456,FALSE
"NS3",418,8068,FALSE,1.1386387,"FTGDFDSVI",61.05645527,37.06674739,1.740578175,0.136219161,38.94354473,0.287573785,FALSE
"NS3",419,13347,FALSE,0.192503537,"TGDFDSVID",98.16857899,0.507502207,1.250367755,0.073551044,1.831421006,0.19858782,FALSE
"NS3",420,13408,FALSE,0.152856896,"GDFDSVIDC",98.56649269,0.50724105,0.84540175,0.080864515,1.433507315,0.183782989,FALSE
"NS3",421,13398,FALSE,0.154152721,"DFDSVIDCN",98.51470588,0.507352941,0.889705882,0.088235294,1.485294118,0.213235294,FALSE
"NS3",422,11768,FALSE,0.696385186,"FDSVIDCNT",86.61220284,11.80540222,1.44991536,0.132479576,13.38779716,0.264959152,FALSE
"NS3",423,11598,FALSE,0.914615322,"DSVIDCNTC",85.38614445,10.08613708,4.343664875,0.184053596,14.61385555,0.390193624,FALSE
"NS3",424,11605,FALSE,0.89464559,"SVIDCNTCV",85.42510121,10.09201325,4.313581156,0.16930438,14.57489879,0.36069194,FALSE
"NS3",425,11456,FALSE,1.028059409,"VIDCNTCVT",84.54612546,7.335793358,7.918819188,0.199261993,15.45387454,0.501845018,FALSE
"NS3",426,11457,FALSE,1.057603995,"IDCNTCVTQ",84.55974611,7.336334785,7.889881172,0.214037936,15.44025389,0.509262676,FALSE
"NS3",427,11426,FALSE,1.105067692,"DCNTCVTQT",84.4181751,7.469523458,7.816771334,0.295530107,15.5818249,0.613224972,FALSE
"NS3",428,11429,FALSE,1.163586908,"CNTCVTQTV",84.40292445,7.451443763,7.813307732,0.332324053,15.59707555,0.686803043,FALSE
"NS3",429,11415,FALSE,1.135314771,"NTCVTQTVD",84.2933097,7.45827795,7.916112834,0.332299513,15.7066903,0.69413676,FALSE
"NS3",430,11416,FALSE,1.130807085,"TCVTQTVDF",84.30069414,7.45827795,7.930881701,0.310146212,15.69930586,0.686752326,FALSE
"NS3",431,11545,FALSE,1.04579619,"CVTQTVDFS",85.18409208,7.45960304,7.149708552,0.206596326,14.81590792,0.553383015,FALSE
"NS3",432,11584,FALSE,0.97680319,"VTQTVDFSL",85.47815821,7.644628099,6.692739079,0.184474616,14.52184179,0.42798111,FALSE
"NS3",433,11580,FALSE,0.98872737,"TQTVDFSLD",85.44864227,7.637249115,6.707497048,0.20661157,14.55135773,0.457497048,FALSE
"NS3",434,11909,FALSE,0.777896131,"QTVDFSLDP",87.62416305,7.630049297,4.561842396,0.183945258,12.37583695,0.331101464,FALSE
"NS3",435,11906,FALSE,0.781195121,"TVDFSLDPT",87.60208962,7.622691487,4.591273637,0.183945258,12.39791038,0.338459275,FALSE
"NS3",436,13485,FALSE,0.109656583,"VDFSLDPTF",99.04517077,0.190965846,0.653690782,0.110172604,0.954829232,0.213000367,FALSE
"NS3",437,12108,FALSE,0.589014812,"DFSLDPTFT",88.98361138,10.09774381,0.720217535,0.19842728,11.01638862,0.301315499,FALSE
"NS3",438,12100,FALSE,0.622589208,"FSLDPTFTI",88.92481811,10.06834717,0.830454913,0.176379805,11.07518189,0.308664658,FALSE
"NS3",439,11655,FALSE,0.808973741,"SLDPTFTIE",86.26943005,10.09622502,3.456698742,0.177646188,13.73056995,0.370096225,FALSE
"NS3",440,11558,FALSE,0.856065764,"LDPTFTIET",85.5577763,10.07476497,4.108372196,0.259086535,14.4422237,0.451550818,FALSE
"NS3",441,11451,FALSE,1.01391333,"DPTFTIETT",84.9417699,7.566204288,7.158222684,0.33380313,15.0582301,0.608263482,FALSE
"NS3",442,11445,FALSE,1.04371614,"PTFTIETTT",84.92246049,7.575870001,7.190027454,0.311642057,15.07753951,0.615864065,FALSE
"NS3",443,6362,FALSE,1.998466061,"TFTIETTTL",47.33630952,36.875,15.31994048,0.46875,52.66369048,0.900297619,FALSE
"NS3",444,6361,FALSE,2.017027203,"FTIETTTLP",47.32534782,36.86481661,15.3560003,0.45383528,52.67465218,0.892790715,FALSE
"NS3",445,6367,FALSE,1.977090798,"TIETTTLPQ",47.35941684,36.84915204,15.34513538,0.446295745,52.64058316,0.877714966,FALSE
"NS3",446,6386,FALSE,1.797196279,"IETTTLPQD",47.4901465,39.25782702,12.86532312,0.386703354,52.5098535,0.736223693,FALSE
"NS3",447,6385,FALSE,1.847244327,"ETTTLPQDA",47.50037197,39.06412736,13.07097158,0.364529088,52.49962803,0.706740068,FALSE
"NS3",448,6453,FALSE,1.764414152,"TTTLPQDAV",47.65175011,39.63225521,12.38369517,0.332299513,52.34824989,0.605523556,FALSE
"NS3",449,6512,FALSE,1.782692575,"TTLPQDAVS",48.11941181,39.06746472,12.502771,0.310352472,51.88058819,0.613315599,FALSE
"NS3",450,6559,FALSE,1.569643707,"TLPQDAVSR",48.37020649,41.33480826,10.04424779,0.250737463,51.62979351,0.427728614,FALSE
"NS3",451,6346,FALSE,1.755108824,"LPQDAVSRT",46.93439834,39.80474817,12.97980919,0.281044301,53.06560166,0.502921382,FALSE
"NS3",452,6710,FALSE,1.186884848,"PQDAVSRSQ",49.48742533,48.47702633,1.814293089,0.221255255,50.51257467,0.346633233,FALSE
"NS3",453,6710,FALSE,1.195138164,"QDAVSRSQR",49.5202952,48.45756458,1.815498155,0.206642066,50.4797048,0.332103321,FALSE
"NS3",454,6708,FALSE,1.179485779,"DAVSRSQRR",49.51284322,48.42043106,1.860053144,0.206672572,50.48715678,0.332152347,FALSE
"NS3",455,6708,FALSE,1.207077082,"AVSRSQRRG",49.51284322,48.44257455,1.823147328,0.221434898,50.48715678,0.332152347,FALSE
"NS3",456,6779,FALSE,1.149956121,"VSRSQRRGR",50.01475579,48.48015346,1.291131769,0.213958979,49.98524421,0.302493729,FALSE
"NS3",457,6781,FALSE,1.147249703,"SRSQRRGRT",50.03320298,48.48373054,1.276470154,0.206596326,49.96679702,0.287759168,FALSE
"NS3",458,6911,FALSE,1.055586498,"RSQRRGRTG",50.90976059,48.58195212,0.35359116,0.154696133,49.09023941,0.213627993,FALSE
"NS3",459,6911,FALSE,1.059757744,"SQRRGRTGR",50.88352231,48.62317774,0.316595494,0.176704462,49.11647769,0.228243263,FALSE
"NS3",460,13583,FALSE,0.033766085,"QRRGRTGRG",99.69174312,0.044036697,0.132110092,0.132110092,0.308256881,0.190825688,FALSE
"NS3",461,7280,FALSE,1.026819922,"RRGRTGRGR",53.74677003,46.01698044,0.073827981,0.162421558,46.25322997,0.206718346,FALSE
"NS3",462,5819,FALSE,2.787928318,"RGRTGRGKP",43.60107897,16.2295819,39.9745242,0.194814926,56.39892103,0.397122733,FALSE
"NS3",463,5820,FALSE,2.785654934,"GRTGRGKPG",43.60530456,16.23585825,39.95654454,0.20229265,56.39469544,0.4045853,FALSE
"NS3",464,5503,FALSE,3.178637209,"RTGRGKPGI",41.61687968,15.8209181,42.31263707,0.249565152,58.38312032,0.726007714,FALSE
"NS3",465,5503,FALSE,3.193457702,"TGRGKPGIY",41.61373261,15.82728373,42.29431337,0.264670296,58.38626739,0.74107683,FALSE
"NS3",466,5501,FALSE,3.202563992,"GRGKPGIYR",41.60175452,15.8209181,42.32776223,0.249565152,58.39824548,0.741132875,FALSE
"NS3",467,5339,FALSE,3.374041062,"RGKPGIYRF",40.42553191,15.49178466,43.72681154,0.355871886,59.57446809,1.044900432,FALSE
"NS3",468,5328,FALSE,3.386713936,"GKPGIYRFV",40.36363636,15.5,43.78030303,0.356060606,59.63636364,1.053030303,FALSE
"NS3",469,4854,FALSE,3.9520237,"KPGIYRFVA",37.1072548,13.41640547,48.81889764,0.657442092,62.8927452,1.720051984,FALSE
"NS3",470,5357,FALSE,3.70336711,"PGIYRFVAP",40.72215887,14.10110224,44.51539339,0.661345496,59.27784113,1.641961231,FALSE
"NS3",471,5904,FALSE,2.2500992,"GIYRFVAPG",44.26782635,37.23476044,18.15250806,0.344905151,55.73217365,0.704806178,FALSE
"NS3",472,5901,FALSE,2.26341088,"IYRFVAPGE",44.2519685,37.23284589,18.17772778,0.337457818,55.7480315,0.712410949,FALSE
"NS3",473,6125,FALSE,1.849860178,"YRFVAPGER",45.49168152,39.70588235,14.54991087,0.252525253,54.50831848,0.475341652,FALSE
"NS3",474,6126,FALSE,1.858501046,"RFVAPGERP",45.49910873,39.72073678,14.52762923,0.252525253,54.50089127,0.497623292,FALSE
"NS3",475,6125,FALSE,1.862517039,"FVAPGERPS",45.50182007,39.74444692,14.50858034,0.245152663,54.49817993,0.482876458,FALSE
"NS3",476,6598,FALSE,1.385625972,"VAPGERPSG",48.94295675,45.96839997,4.88094355,0.207699726,51.05704325,0.407981604,FALSE
"NS3",477,6480,FALSE,1.507454352,"APGERPSGM",48.23222925,45.27726089,6.237439524,0.253070339,51.76777075,0.498697432,FALSE
"NS3",478,12802,FALSE,0.489549331,"PGERPSGMF",94.34045689,1.333824613,4.126750184,0.198968312,5.65954311,0.368459838,FALSE
"NS3",479,13169,FALSE,0.262887345,"GERPSGMFD",97.03065134,1.510462717,1.304155615,0.154730327,2.969348659,0.250515768,FALSE
"NS3",480,12987,FALSE,0.374600343,"ERPSGMFDS",95.7460926,1.297552344,2.808905927,0.14744913,4.253907402,0.280153347,FALSE
"NS3",481,11635,FALSE,0.918315131,"RPSGMFDSS",85.86715867,9.269372694,4.642066421,0.221402214,14.13284133,0.435424354,FALSE
"NS3",482,11050,FALSE,1.125833029,"PSGMFDSSV",82.33365621,9.358468072,8.024737352,0.283138365,17.66634379,0.57372774,FALSE
"NS3",483,11008,FALSE,1.141743305,"SGMFDSSVL",82.04516658,9.793545502,7.848252217,0.313035701,17.95483342,0.618618171,FALSE
"NS3",484,11014,FALSE,1.183523459,"GMFDSSVLC",82.08988597,9.756279347,7.855705448,0.298129239,17.91011403,0.61116494,FALSE
"NS3",485,11000,FALSE,1.152972435,"MFDSSVLCE",81.99165176,9.749552773,7.960644007,0.298151461,18.00834824,0.626118068,FALSE
"NS3",486,11075,FALSE,1.113236411,"FDSSVLCEC",82.50148987,9.363825983,7.896305125,0.238379023,17.49851013,0.506555423,FALSE
"NS3",487,11076,FALSE,1.129014642,"DSSVLCECY",82.50893921,9.378724672,7.90375447,0.208581645,17.49106079,0.469308701,FALSE
"NS3",488,11075,FALSE,1.073294613,"SSVLCECYD",82.51993145,9.380821101,7.898070189,0.20117726,17.48006855,0.454511586,FALSE
"NS3",489,11053,FALSE,1.153899118,"SVLCECYDA",82.52818637,9.213768386,8.063913985,0.194131263,17.47181363,0.500261331,FALSE
"NS3",490,12342,FALSE,0.65477362,"VLCECYDAG",92.04952267,3.445704057,4.348150358,0.156622912,7.950477327,0.365453461,FALSE
"NS3",491,12717,FALSE,0.528949602,"LCECYDAGC",93.97029483,1.625655804,4.211926402,0.192122959,6.029705165,0.384245917,FALSE
"NS3",492,11856,FALSE,0.847893565,"CECYDAGCA",87.57571281,6.913872064,5.288816664,0.221598464,12.42428719,0.457970158,FALSE
"NS3",493,11855,FALSE,0.889173013,"ECYDAGCAW",87.56185834,6.9133614,5.310584238,0.214196026,12.43814166,0.443164192,FALSE
"NS3",494,11842,FALSE,0.85657946,"CYDAGCAWY",87.51108484,6.916937629,5.350280816,0.221696719,12.48891516,0.458173219,FALSE
"NS3",495,11808,FALSE,0.867936371,"YDAGCAWYE",87.25338063,6.798197,5.726742038,0.221680337,12.74661937,0.465528708,FALSE
"NS3",496,11808,FALSE,0.892723709,"DAGCAWYEL",87.2856298,6.793317564,5.699290361,0.221762271,12.7143702,0.465700769,FALSE
"NS3",497,11707,FALSE,0.977988679,"AGCAWYELT",86.81497961,6.73340749,6.192065258,0.259547646,13.18502039,0.600667408,FALSE
"NS3",498,12024,FALSE,0.748014821,"GCAWYELTP",88.92175714,6.929448306,3.963910664,0.184883893,11.07824286,0.421535276,FALSE
"NS3",499,11724,FALSE,0.941682328,"CAWYELTPA",86.97974627,7.077676385,5.697752059,0.244825284,13.02025373,0.571258995,FALSE
"NS3",500,11947,FALSE,0.779042532,"AWYELTPAE",88.63417167,7.092514281,4.095259292,0.178054752,11.36582833,0.452555828,FALSE
"NS3",501,11959,FALSE,0.749647709,"WYELTPAET",88.74295043,7.264766993,3.814188186,0.17809439,11.25704957,0.445235975,FALSE
"NS3",502,7403,FALSE,1.616316315,"YELTPAETT",55.0572661,33.66800535,10.99211661,0.282611929,44.9427339,0.58009817,FALSE
"NS3",503,7271,FALSE,1.719394406,"ELTPAETTV",54.16014898,33.43761639,12.11173184,0.290502793,45.83985102,0.648044693,FALSE
"NS3",504,7299,FALSE,1.685145607,"LTPAETTVR",54.36061667,33.47732181,11.9088404,0.253221122,45.63938333,0.551128324,FALSE
"NS3",505,7299,FALSE,1.688892253,"TPAETTVRL",54.35656836,33.46738159,11.93029491,0.245755139,45.64343164,0.543640155,FALSE
"NS3",506,8356,FALSE,1.317540083,"PAETTVRLR",62.04336204,33.56845857,4.172854173,0.215325215,37.95663796,0.408375408,FALSE
"NS3",507,8257,FALSE,1.317784948,"AETTVRLRA",61.61020743,33.70392479,4.469482167,0.216385614,38.38979257,0.425309655,FALSE
"NS3",508,8606,FALSE,1.137487122,"ETTVRLRAY",64.02321083,33.80449338,2.023508406,0.148787383,35.97678917,0.312453504,FALSE
"NS3",509,6244,FALSE,1.8213731,"TTVRLRAYM",46.51370679,33.61889154,19.65882002,0.208581645,53.48629321,0.461859356,FALSE
"NS3",510,6251,FALSE,1.972792263,"TVRLRAYMN",46.56238361,33.60148976,19.61266294,0.223463687,53.43761639,0.476722533,FALSE
"NS3",511,6256,FALSE,1.674420596,"VRLRAYMNT",46.52338812,41.17647059,12.10678962,0.193351677,53.47661188,0.468505986,FALSE
"NS3",512,6241,FALSE,1.641251353,"RLRAYMNTP",46.3601248,41.60600208,11.84816521,0.185707919,53.6398752,0.401129104,FALSE
"NS3",513,6241,FALSE,1.608582946,"LRAYMNTPG",46.36701337,41.59732541,11.84992571,0.185735513,53.63298663,0.393759287,FALSE
"NS3",514,6246,FALSE,1.605945654,"RAYMNTPGL",46.40071317,41.60909294,11.79704331,0.193150583,53.59928683,0.393730035,FALSE
"NS3",515,6247,FALSE,1.612308739,"AYMNTPGLP",46.4046947,41.59857376,11.82588026,0.170851285,53.5953053,0.36398752,FALSE
"NS3",516,6343,FALSE,1.577984602,"YMNTPGLPV",46.89486914,41.41653113,11.51116368,0.177436049,53.10513086,0.354872098,FALSE
"NS3",517,6341,FALSE,1.608472964,"MNTPGLPVC",46.89048288,41.39613991,11.54329661,0.170080603,53.10951712,0.354950825,FALSE
"NS3",518,12324,FALSE,0.560325623,"NTPGLPVCQ",91.01248061,7.717303006,1.100361864,0.169854516,8.987519386,0.332324053,FALSE
"NS3",519,13398,FALSE,0.131384357,"TPGLPVCQD",98.92933619,0.118142214,0.826995496,0.125526102,1.070663812,0.280587758,FALSE
"NS3",520,13436,FALSE,0.110454596,"PGLPVCQDH",99.17330971,0.103336286,0.612636552,0.110717449,0.826690286,0.228816061,FALSE
"NS3",521,13460,FALSE,0.090333437,"GLPVCQDHL",99.26985766,0.095877277,0.494136736,0.140128328,0.730142341,0.24338078,FALSE
"NS3",522,12432,FALSE,0.485821122,"LPVCQDHLE",91.68141593,7.529498525,0.634218289,0.154867257,8.318584071,0.280235988,FALSE
"NS3",523,12430,FALSE,0.484263361,"PVCQDHLEF",91.65990709,7.521569206,0.678416046,0.140107662,8.340092914,0.280215323,FALSE
"NS3",524,12434,FALSE,0.483829666,"VCQDHLEFW",91.68264268,7.5210146,0.678366023,0.1179767,8.317357322,0.25807403,FALSE
"NS3",525,12440,FALSE,0.489065319,"CQDHLEFWE",91.72688394,7.5210146,0.648871848,0.103229612,8.27311606,0.243326943,FALSE
"NS3",526,7730,FALSE,1.499818478,"QDHLEFWEG",57.15341959,32.37707948,10.32902033,0.140480591,42.84658041,0.31792976,FALSE
"NS3",527,7750,FALSE,1.478709049,"DHLEFWEGV",57.29282176,32.47578916,10.09092925,0.140459821,42.70717824,0.280919642,FALSE
"NS3",528,7730,FALSE,1.479488856,"HLEFWEGVF",57.17455621,32.46301775,10.22189349,0.140532544,42.82544379,0.295857988,FALSE
"NS3",529,7687,FALSE,1.526096736,"LEFWEGVFT",56.89859363,32.39082161,10.56254626,0.14803849,43.10140637,0.355292376,FALSE
"NS3",530,7686,FALSE,1.519624588,"EFWEGVFTG",56.89540306,32.40062181,10.57073062,0.133244504,43.10459694,0.340513732,FALSE
"NS3",531,7705,FALSE,1.250507086,"FWEGVFTGL",57.08253075,39.56882501,3.222699659,0.125944584,42.91746925,0.296340199,FALSE
"NS3",532,7655,FALSE,1.300434755,"WEGVFTGLT",56.80047488,39.17043852,3.858425466,0.170661126,43.19952512,0.408102693,FALSE
"NS3",533,7484,FALSE,1.421852812,"EGVFTGLTH",55.94677431,38.58114674,5.202960305,0.269118636,44.05322569,0.560663826,FALSE
"NS3",534,7447,FALSE,1.471385598,"GVFTGLTHI",55.78277154,38.10486891,5.835205993,0.277153558,44.21722846,0.606741573,FALSE
"NS3",535,12855,FALSE,0.415555802,"VFTGLTHID",96.09777977,0.605516932,3.094864319,0.201838977,3.902220229,0.411153472,FALSE
"NS3",536,12758,FALSE,0.464773007,"FTGLTHIDA",95.42972548,0.688159174,3.672675593,0.209439749,4.570274516,0.471239435,FALSE
"NS3",537,12753,FALSE,0.468414141,"TGLTHIDAH",95.52808989,0.606741573,3.670411985,0.194756554,4.471910112,0.456928839,FALSE
"NS3",538,12749,FALSE,0.452129328,"GLTHIDAHF",95.57687983,0.607241922,3.620961092,0.19491716,4.423120174,0.472299273,FALSE
"NS3",539,12748,FALSE,0.416150132,"LTHIDAHFL",95.75602794,0.608427852,3.440246376,0.195297829,4.243972057,0.473221663,FALSE
"NS3",540,12752,FALSE,0.420400288,"THIDAHFLS",95.81486212,0.608610715,3.373656924,0.202870238,4.185137877,0.458336464,FALSE
"NS3",541,12851,FALSE,0.380703055,"HIDAHFLSQ",96.45725437,0.630488629,2.717105757,0.195151242,3.542745628,0.390302484,FALSE
"NS3",542,12977,FALSE,0.321788704,"IDAHFLSQT",96.79272022,0.596703215,2.42410681,0.186469755,3.207279779,0.372939509,FALSE
"NS3",543,13089,FALSE,0.258042054,"DAHFLSQTK",97.43188924,0.610391544,1.764180438,0.193538782,2.568110764,0.357302367,FALSE
"NS3",544,13091,FALSE,0.255272143,"AHFLSQTKQ",97.43227151,0.602857993,1.771360524,0.193509973,2.567728491,0.372134564,FALSE
"NS3",545,6371,FALSE,1.663795309,"HFLSQTKQS",47.58739169,40.42426053,11.71945025,0.26889752,52.41260831,0.500448163,FALSE
"NS3",546,6394,FALSE,1.664347776,"FLSQTKQSG",47.67017073,40.46820249,11.60814136,0.253485425,52.32982927,0.454782674,FALSE
"NS3",547,6384,FALSE,1.969300673,"LSQTKQSGE",47.60271419,31.75005592,20.34896727,0.29826262,52.39728581,0.477220192,FALSE
"NS3",548,6306,FALSE,2.060742661,"SQTKQSGEN",47.08429777,31.62099604,20.93631001,0.358396177,52.91570223,0.604793549,FALSE
"NS3",549,3903,FALSE,2.754436669,"QTKQAGDNF",29.72355495,24.01949585,45.7847841,0.472165105,70.27644505,0.860558983,FALSE
"NS3",550,3870,FALSE,2.864320006,"TKQAGDNFP",29.49919963,23.86614833,46.10107478,0.533577254,70.50080037,1.013796783,FALSE
"NS3",551,3883,FALSE,2.839531918,"KQAGDNFPY",29.59603659,23.86432927,46.09756098,0.442073171,70.40396341,0.891768293,FALSE
"NS3",552,3884,FALSE,2.872659298,"QAGDNFPYL",29.60591508,23.86614833,46.09345224,0.434484336,70.39408492,0.884213736,FALSE
"NS3",553,3414,FALSE,3.24263988,"AGDNFPYLV",26.08695652,23.87865821,49.56063269,0.473752579,73.91304348,1.123252082,FALSE
"NS3",554,3984,FALSE,2.838996028,"GENFPYLVA",30.45405901,26.20394435,43.00565663,0.336340009,69.54594099,0.787341385,FALSE
"NS3",555,3984,FALSE,2.872773098,"ENFPYLVAY",30.44940385,26.15408132,43.04494039,0.351574442,69.55059615,0.810149801,FALSE
"NS3",556,7427,FALSE,2.08805302,"NFPYLVAYQ",56.66005493,24.12267318,18.95025938,0.267012511,43.33994507,0.564540738,FALSE
"NS3",557,7490,FALSE,1.977350632,"FPYLVAYQA",57.07536386,24.4380096,18.24277985,0.243846681,42.92463614,0.457212528,FALSE
"NS3",558,11068,FALSE,1.122788228,"PYLVAYQAT",82.65870052,5.675877521,11.49365198,0.171769978,17.34129948,0.321135176,FALSE
"NS3",559,11405,FALSE,0.795313067,"YLVAYQATV",85.22642355,11.81437752,2.809744433,0.149454491,14.77357645,0.269018084,FALSE
"NS3",560,11410,FALSE,0.762507585,"LVAYQATVC",85.23830868,11.99760944,2.584790079,0.179291797,14.76169132,0.276408188,FALSE
"NS3",561,11382,FALSE,0.793626252,"VAYQATVCA",85.05455089,11.95635929,2.802271708,0.186818114,14.94544911,0.313854431,FALSE
"NS3",562,13250,FALSE,0.134556736,"AYQATVCAR",98.82896994,0.447527411,0.604162005,0.119340643,1.171030059,0.231222496,FALSE
"NS3",563,13146,FALSE,0.199492099,"YQATVCARA",98.12644622,0.701649623,1.030081361,0.141822796,1.873553781,0.253788162,FALSE
"NS3",564,12161,FALSE,0.650590999,"QATVCARAQ",91.49112248,4.656936503,3.648811315,0.203129702,8.50887752,0.428829371,FALSE
"NS3",565,12153,FALSE,0.647313261,"ATVCARAQA",91.45157649,4.650462789,3.694785161,0.203175559,8.548423508,0.4364512,FALSE
"NS3",566,11723,FALSE,0.861429117,"TVCARAQAP",88.79042642,4.514125578,6.475800954,0.21964705,11.20957358,0.499886389,FALSE
"NS3",567,11725,FALSE,0.840665434,"VCARAQAPP",88.81902886,4.514809484,6.438906143,0.227255511,11.18097114,0.49238694,FALSE
"NS3",568,11733,FALSE,0.847936543,"CARAQAPPP",88.89309796,4.538222593,6.333813168,0.234866278,11.10690204,0.49246155,FALSE
"NS3",569,11696,FALSE,0.881867733,"ARAQAPPPS",88.63963623,4.46381205,6.646456991,0.250094733,11.36036377,0.545661235,FALSE
"NS3",570,11700,FALSE,0.86928277,"RAQAPPPSW",88.74393204,4.58131068,6.447208738,0.227548544,11.25606796,0.493021845,FALSE
"NS3",571,11714,FALSE,0.817017981,"AQAPPPSWD",88.80970432,4.60197119,6.376042456,0.212282032,11.19029568,0.462471569,FALSE
"NS3",572,10909,FALSE,1.314088363,"QAPPPSWDQ",82.90143628,5.760316133,10.98867695,0.349570636,17.09856372,0.775134889,FALSE
"NS3",573,11245,FALSE,1.193903933,"APPPSWDQM",84.8487135,2.935184487,11.9067381,0.309363918,15.1512865,0.596091451,FALSE
"NS3",574,11252,FALSE,1.17645806,"PPPSWDQMW",84.90153173,2.935184487,11.85391987,0.309363918,15.09846827,0.58854599,FALSE
"NS3",575,11579,FALSE,0.974196693,"PPSWDQMWK",86.79910045,3.223388306,9.715142429,0.262368816,13.20089955,0.494752624,FALSE
"NS3",576,11573,FALSE,0.995217236,"PSWDQMWKC",86.75412294,3.215892054,9.737631184,0.292353823,13.24587706,0.547226387,FALSE
"NS3",577,11562,FALSE,0.997942004,"SWDQMWKCL",86.67816178,3.216133143,9.790838893,0.314866182,13.32183822,0.584751481,FALSE
"NS3",578,8423,FALSE,2.054356593,"WDQMWKCLI",66.49561854,15.02328886,18.03110444,0.449988158,33.50438146,1.010499724,FALSE
"NS3",579,8427,FALSE,2.036708898,"DQMWKCLIR",66.49569952,15.00039454,18.04624004,0.457665904,33.50430048,1.033693679,FALSE
"NS3",580,8421,FALSE,2.03033572,"QMWKCLIRL",66.47982948,14.97592169,18.06268256,0.481566275,33.52017052,1.089445015,FALSE
"NS3",581,8839,FALSE,1.607335209,"MWKCLIRLK",69.66974068,16.88342398,13.13155198,0.315283361,30.33025932,0.677859226,FALSE
"NS3",582,8908,FALSE,1.431243278,"WKCLIRLKP",70.19147427,17.02781499,12.46552675,0.315183989,29.80852573,0.55157198,FALSE
"NS3",583,8683,FALSE,1.625896298,"KCLIRLKPT",68.53737469,16.49696109,14.52364038,0.442023838,31.46262531,0.773541716,FALSE
"NS3",584,8689,FALSE,1.611706506,"CLIRLKPTL",68.59556327,16.51535486,14.4627773,0.426304571,31.40443673,0.742085735,FALSE
"NS3",585,8353,FALSE,1.974811534,"LIRLKPTLH",66.07863302,14.91179495,18.41626454,0.593307491,33.92136698,1.162882683,FALSE
"NS3",586,8367,FALSE,1.947727176,"IRLKPTLHG",66.16844603,14.93871095,18.31553974,0.577303282,33.83155397,1.115065243,FALSE
"NS3",587,12021,FALSE,0.846744384,"RLKPTLHGP",90.57414105,2.034358047,7.127787824,0.26371308,9.425858951,0.587703436,FALSE
"NS3",588,12026,FALSE,0.842063686,"LKPTLHGPT",90.5640485,2.040816327,7.116499736,0.278635439,9.435951502,0.594924317,FALSE
"NS3",589,12045,FALSE,0.847068498,"KPTLHGPTP",90.63887426,2.046805629,7.058469411,0.255850704,9.361125743,0.534276469,FALSE
"NS3",590,12075,FALSE,0.78743012,"PTLHGPTPL",90.816787,2.060770156,6.889290012,0.233152828,9.183212996,0.503910951,FALSE
"NS3",591,12092,FALSE,0.800933544,"TLHGPTPLL",90.88312664,2.059376174,6.83953401,0.217963172,9.116873356,0.465990229,FALSE
"NS3",592,12284,FALSE,0.620143571,"LHGPTPLLY",92.15303826,2.79819955,4.88372093,0.16504126,7.84696174,0.322580645,FALSE
"NS3",593,12267,FALSE,0.647852446,"HGPTPLLYR",92.12225894,2.793631721,4.903875038,0.180234305,7.877741063,0.352958847,FALSE
"NS3",594,13024,FALSE,0.232105695,"GPTPLLYRL",97.5653607,1.116188479,1.14615327,0.17229755,2.434639299,0.284665518,FALSE
"NS3",595,12999,FALSE,0.254027649,"PTPLLYRLG",97.40726864,1.116523042,1.303859123,0.172349194,2.59273136,0.299737729,FALSE
"NS3",596,11944,FALSE,0.666819963,"TPLLYRLGA",89.35438019,7.825241266,2.625869679,0.194508865,10.64561981,0.359093289,FALSE
"NS3",597,11879,FALSE,0.742519954,"PLLYRLGAV",88.90136207,6.436162251,4.445442299,0.217033378,11.09863793,0.404131118,FALSE
"NS3",598,11666,FALSE,0.917164484,"LLYRLGAVQ",87.34651093,6.094639114,6.281820904,0.277029051,12.65348907,0.54657083,FALSE
"NS3",599,11570,FALSE,1.026653367,"LYRLGAVQN",86.69913825,6.024728363,6.946421881,0.329711502,13.30086175,0.674409891,FALSE
"NS3",600,11381,FALSE,1.151195214,"YRLGAVQNE",85.4172921,5.786550585,8.443410387,0.352746923,14.5827079,0.803062144,FALSE
"NS3",601,8930,FALSE,2.001535198,"RLGAVQNEV",68.68702408,14.8834705,15.86801015,0.56149527,31.31297592,1.222982847,FALSE
"NS3",602,7552,FALSE,2.755319845,"LGAVQNEVT",59.09695594,12.52836685,27.56084201,0.813835198,40.90304406,1.76070115,FALSE
"NS3",603,7531,FALSE,2.887204685,"GAVQNEVTL",58.93723587,12.04413836,27.77429958,1.244326186,41.06276413,2.418218814,FALSE
"NS3",604,7464,FALSE,3.016392794,"AVQNEVTLT",58.50905385,12.07180372,28.10221839,1.316924042,41.49094615,2.51626558,FALSE
"NS3",605,7658,FALSE,2.713167668,"VQNEVTLTH",59.96398089,12.30130765,26.76376165,0.970949808,40.03601911,1.902748414,FALSE
"NS3",606,7678,FALSE,2.678113172,"QNEVTLTHP",60.09705698,12.42172824,26.6280526,0.853162179,39.90294302,1.675015654,FALSE
"NS3",607,3894,FALSE,3.512915749,"NEVTLTHPI",31.29218901,28.79299261,38.82192221,1.092896175,68.70781099,2.161684346,FALSE
"NS3",608,3876,FALSE,3.491564129,"EVTLTHPIT",31.20772947,28.96940419,38.84863124,0.974235105,68.79227053,1.964573269,FALSE
"NS3",609,3898,FALSE,3.402306834,"VTLTHPITK",31.40256183,29.34020785,38.42745509,0.829775236,68.59743817,1.683718682,FALSE
"NS3",610,4795,FALSE,2.818588574,"TLTHPITKY",38.47696999,32.72347938,28.20574547,0.593805168,61.52303001,1.203659124,FALSE
"NS3",611,6375,FALSE,1.952028878,"LTHPITKYI",50.39127342,36.80341475,12.41799067,0.38732116,49.60872658,0.861591969,FALSE
"NS3",612,6646,FALSE,1.925488845,"THPITKYIM",52.66244057,34.36608558,12.61489699,0.356576862,47.33755943,0.729001585,FALSE
"NS3",613,3472,FALSE,2.745185993,"HPITKYIMT",27.55118235,25.57530551,46.54816696,0.325345183,72.44881765,0.777654341,FALSE
"NS3",614,3470,FALSE,2.792042097,"PITKYIMTC",27.55717916,25.44472681,46.59307497,0.40501906,72.44282084,0.881512071,FALSE
"NS3",615,3469,FALSE,2.767743633,"ITKYIMTCM",27.66568307,25.5522769,46.37530904,0.406730999,72.33431693,0.893213175,FALSE
"NS3",616,6737,FALSE,1.82443862,"TKYIMTCMS",52.1237911,35.62088975,11.90715667,0.348162476,47.8762089,0.657640232,FALSE
"NS3",617,6732,FALSE,1.784364292,"KYIMTCMSA",52.10929639,36.00897902,11.58758418,0.294140413,47.89070361,0.588280827,FALSE
"NS3",618,6467,FALSE,1.793405875,"YIMTCMSAD",51.59154368,36.9126446,11.2883925,0.207419226,48.40845632,0.518548065,FALSE
"NS3",619,6463,FALSE,1.567273471,"IMTCMSADL",51.6461563,40.35480262,7.823237973,0.175803101,48.3538437,0.391561451,FALSE
"NS3",620,6422,FALSE,1.434378922,"MTCMSADLE",51.47483168,42.20904136,6.115742225,0.200384739,48.52516832,0.392754088,FALSE
"NS3",621,6218,FALSE,1.43868542,"TCMSADLEV",50.29930432,43.50428733,6.050800841,0.145607507,49.70069568,0.307393626,FALSE
"NS3",622,10285,FALSE,1.099580689,"CMSADLEVV",83.86333986,7.142857143,8.798108284,0.195694716,16.13666014,0.432159165,FALSE
"NS3",623,10318,FALSE,1.036752674,"MSADLEVVT",84.05702648,7.185336049,8.586558045,0.17107943,15.94297352,0.374745418,FALSE
